position,variable,label,storage_type,n_valid,n_missing,n_distinct,value_labels,observed_values,sentinel_codes,min,max
1,vQID,vQID.QID,float64,1229,0,1229,,,,145.0,52734.0
2,QID,QID.QID,float64,1229,0,1229,,,,1.0,7922.0
3,Q1,Q1.Country Code,float64,1229,0,1,"{""1"": ""Jordan"", ""2"": ""Tunisia"", ""3"": ""Algeria"", ""4"": ""Saudi Arabia"", ""5"": ""Sudan"", ""6"": ""Iraq"", ""7"": ""Palestine"", ""8"": ""Kuwait"", ""9"": ""Lebanon"", ""10"": ""Libya"", ""11"": ""Egypt"", ""12"": ""Morocco"", ""13"": ""Mauritania"", ""14"": ""Yemen"", ""15"": ""Syrian Refugees""}",,,2.0,2.0
4,Q2,Q2.Survey Year,float64,1229,0,1,"{""1"": ""Arab Index 2011"", ""2"": ""Arab Index 2012/2013"", ""3"": ""Arab Index 2014"", ""4"": ""Arab Index 2015"", ""5"": ""Arab Index 2016"", ""6"": ""Arab Index 2017/2018""}",,,1.0,1.0
5,Q3,Q3.Primary Administrative Level: (Governorate / State / Emirate),float64,1229,0,7,"{""1"": ""Amman"", ""2"": ""Balqaa"", ""3"": ""Zirqaa"", ""4"": ""Madaba"", ""5"": ""Irbid"", ""6"": ""Mafraq"", ""7"": ""Jerash"", ""8"": ""Ajloun"", ""9"": ""Karak"", ""10"": ""Tafileh"", ""11"": ""Maan"", ""12"": ""Aqaba"", ""13"": ""Tunis"", ""14"": ""Ariana"", ""15"": ""Manouba"", ""16"": ""Ben Arous"", ""17"": ""Nabeul"", ""18"": ""Zaghouan"", ""19"": ""Bizerte"", ""20"": ""Beja"", ""21"": ""Jendouba"", ""22"": ""El Kef"", ""23"": ""Siliana"", ""24"": ""Sousse"", ""25"": ""Monastir"", ""26"": ""Mahdia"", ""27"": ""Sfax"", ""28"": ""Kairouan"", ""29"": ""Kasserine"", ""30"": ""Sidi Bouzid"", ""31"": ""Gabès"", ""32"": ""Medenine"", ""33"": ""Tataouine"", ""34"": ""Gafsa"", ""35"": ""Tozeur"", ""36"": ""Kebili"", ""37"": ""Jenin"", ""38"": ""Tubas"", ""39"": ""Tulkarem"", ""40"": ""Nablus"", ""41"": ""Qalqilia"", ""42"": ""Salfit"", ""43"": ""Ramallah and Al-Bireh"", ""44"": ""Jericho"", ""45"": ""Jerusalem"", ""46"": ""Bethlehem"", ""47"": ""Hebron"", ""48"": ""North  Gaza"", ""49"": ""Gaza"", ""50"": ""Dair Al Balah"", ""51"": ""Khan Younes"", ""52"": ""Rafah"", ""53"": ""Batna"", ""54"": ""Bordj Bou Arréridj "", ""55"": ""Djelfa"", ""56"": ""El Bayadh"", ""57"": ""Khanshla"", ""58"": ""Laghouat"", ""59"": ""Masila"", ""60"": ""Naâma"", ""61"": ""Umm al-Bawaki"", ""62"": ""Saida"", ""63"": ""Setif"", ""64"": ""Tabsa"", ""65"": ""Tiaret"", ""66"": ""Tissemselt"", ""67"": ""Ain Defla"", ""68"": ""Ain Tamoushant"", ""69"": ""Algeria"", ""70"": ""Annaba"", ""71"": ""Bejaia"", ""72"": ""Blida"", ""73"": ""Bouira"", ""74"": ""Boumerdes"", ""75"": ""Chlef"", ""76"": ""Constantine"", ""77"": ""Al-Taraf"", ""78"": ""Guelma"", ""79"": ""Jigel"", ""80"": ""Mascara"", ""81"": ""Medea"", ""82"": ""Mela"", ""83"": ""Mostaganem"", ""84"": ""Oran"", ""85"": ""Glyzane"", ""86"": ""Sir Bel Abbes"", ""87"": ""Skikda"", ""88"": ""Souk Ahras"", ""89"": ""Tipaza"", ""90"": ""Tizi Ouzou"", ""91"": ""Tlemcen"", ""92"": ""Adrar"", ""93"": ""Bashar"", ""94"": ""Biskra"", ""95"": ""Alwad"", ""96"": ""Ghardaia"", ""97"": ""Tamanrasset"", ""98"": ""Ouargla"", ""99"": ""Riyadh"", ""100"": ""Mecca"", ""101"": ""Medina"", ""102"": ""Qassim"", ""103"": ""Eastern Province"", ""104"": ""'Asir"", ""105"": ""Tabuk"", ""106"": ""Ha'il"", ""107"": ""Northern borders"", ""108"": ""Al Jawf"", ""109"": ""Jazan"", ""110"": ""Najran"", ""111"": ""Al Bahah"", ""112"": ""al-Jazira"", ""113"": ""White Nile"", ""114"": ""Blue Nile"", ""115"": ""Sennar"", ""116"": ""Khartoum"", ""117"": ""The Red Sea"", ""118"": ""El-Gadarif"", ""119"": ""Kassala"", ""120"": ""North"", ""121"": ""The Nile River"", ""122"": ""South Darfur"", ""123"": ""North Darfur"", ""124"": ""West Darfur"", ""125"": ""South Kordofan"", ""126"": ""North Kordofan"", ""127"": ""Baghdad"", ""128"": ""Salahaddin"", ""129"": ""Diyala"", ""130"": ""Wasit"", ""131"": ""Maysan"", ""132"": ""Basra"", ""133"": ""Dhi Qar"", ""134"": ""Muthanna"", ""135"": ""Qadisiyah"", ""136"": ""Babel"", ""137"": ""Karbala"", ""138"": ""Najaf"", ""139"": ""Anbar"", ""140"": ""Nineveh / Mosul"", ""141"": ""Erbil"", ""142"": ""Kirkuk"", ""143"": ""Sulaymaniyah"", ""144"": ""City Kuwait"", ""145"": ""Hawalli Governorate"", ""146"": ""Al - Ahmadi Governorate"", ""147"": ""Jahra Governorate"", ""148"": ""Farwaniya Governorate"", ""149"": ""Mubarak Al - Kabeer Governorate"", ""150"": ""Beirut"", ""151"": ""Nabatieh"", ""152"": ""Bekaa"", ""153"": ""Mount Lebanon"", ""154"": ""North Governorate"", ""155"": ""Southern Lebanon"", ""156"": ""Chaouia - Ouardigha"", ""157"": ""Doukkala-Abda"", ""158"": ""Fès-Boulemane"", ""159"": ""West - Chardara - Bani Hassan"", ""160"": ""Greater Cassablanca"", ""161"": ""Guelmim-Es Semara"", ""162"": ""Laayoune - Boujdour - El Sakia El Hamra"", ""163"": ""Marrakech - Tensift - El Haouz Region"", ""164"": ""Meknes-Tafilalet"", ""165"": ""Eastern side"", ""166"": ""Wadi Al-Zahab - Al-Kuwaira"", ""167"": ""Rabat-Salé-Zemmour-Zaer"", ""168"": ""Sous-Massa-Shield"", ""169"": ""Tadla - Azilal"", ""170"": ""Tangier - Tetouan"", ""171"": ""Taza - Al Hoceima - Taounate"", ""172"": ""Eastern Basin"", ""173"": ""Western Basin"", ""174"": ""Assaba"", ""175"": ""Tkant"", ""176"": ""Caracal"", ""177"": ""Brakna"", ""178"": ""Atarase"", ""179"": ""Kedmaga"", ""180"": ""Adrar"", ""181"": ""Dakhlet Nouadhibou"", ""182"": ""Terres Zemmour"", ""183"": ""Inchiri"", ""184"": ""Nouakchott"", ""185"": ""Cairo"", ""186"": ""Alexandria"", ""187"": ""Port Said"", ""188"": ""Suez"", ""189"": ""Damietta"", ""190"": ""Dakahlia"", ""191"": ""Sharqia"", ""192"": ""Kaliobeya"", ""193"": ""Kafr El Sheikh"", ""194"": ""Gharbia "", ""195"": ""Monufia "", ""196"": ""Beheira "", ""197"": ""Ismailia"", ""198"": ""Giza"", ""199"": ""Bani Suef"", ""200"": ""Fayoum"", ""201"": ""Menia"", ""202"": ""Asyut"", ""203"": ""Sohag"", ""204"": ""Qena"", ""205"": ""Luxor"", ""206"": ""The Red Sea"", ""207"": ""Aswan"", ""208"": ""Matrouh"", ""209"": ""Tripoli"", ""210"": ""Benghazi"", ""211"": ""Misrata"", ""212"": ""Jafara"", ""213"": ""Murqub"", ""214"": ""Jabal Al Gharbi"", ""215"": ""Zawiya"", ""216"": ""Nuqat al Khams"", ""217"": ""Jebel Akhdar"", ""218"": ""Marj"", ""219"": ""Al Wahat"", ""220"": ""Darnah"", ""221"": ""Butnan"", ""222"": ""Sirte"", ""223"": ""Sabha"", ""224"": ""Nalut"", ""225"": ""Murzuk"", ""226"": ""Wadi al Shatii"", ""227"": ""Wadi al Hayaa"", ""228"": ""Jufra "", ""229"": ""Kufra"", ""230"": ""Ghat"", ""231"": ""Ibb"", ""232"": ""Abyan"", ""233"": ""Amanat Al Asimah"", ""234"": ""Al Bayda'"", ""235"": ""Taiz"", ""236"": ""Al-Jouf"", ""237"": ""Hajjah"", ""238"": ""Al Hudaydah"", ""239"": ""Hadramout"", ""240"": ""Dhamar"", ""241"": ""Shabwa"", ""242"": ""Saada"", ""243"": ""Sanaa"", ""245"": ""Aden"", ""246"": ""Lahej"", ""247"": ""Marib"", ""248"": ""Al Mahwit"", ""249"": ""skilled"", ""250"": ""Imran"", ""251"": ""Al-Dali '"", ""252"": ""rima"", ""253"": ""Gaziantep"", ""254"": ""Chanli Urfa"", ""255"": ""Hatay"", ""256"": ""Kilis"", ""257"": ""Mardin"", ""258"": ""Kahramanmaras"", ""259"": ""Adana"", ""260"": ""Malatya"", ""261"": ""Adiyaman"", ""262"": ""Syrian Border"", ""263"": ""Istanbul"", ""264"": ""Northeast Anatolia"", ""265"": ""Eastern Anatolia Region"", ""266"": ""Central Anatolia"", ""267"": ""Northwesetern"", ""268"": ""Grand Tunis"", ""269"": ""Southeast"", ""270"": ""Southwest"", ""271"": ""Dahuk"", ""272"": ""Akkar "", ""273"": ""Baalbak"", ""274"": ""Tanger-Tetouan-Al Hoceima"", ""275"": ""Sharqi"", ""276"": ""Fès-Meknès"", ""277"": ""Rabat-Salé-Kénitra"", ""278"": ""Béni Mellal-Khénifra"", ""279"": ""Marrakesh"", ""280"": ""Drâa-Tafilalet"", ""281"": ""Souss-Massa"", ""282"": ""Guelmim-Oued Noun""}",,,264.0,270.0
6,Q4,Q4.Category,float64,1229,0,2,"{""1"": ""Urban"", ""2"": ""Rural""}",,,1.0,2.0
7,Q5,Q5.How many members in the family?,float64,0,1229,0,"{""97"": ""رفض الإجابة"", ""99"": ""غير مبين""}",,,,
8,Q101_1,Q101_1.How would you evaluate The financial situation of your household,float64,1229,0,6,"{""1"": ""very good"", ""2"": ""Good"", ""3"": ""Bad"", ""4"": ""very bad"", ""6"": ""Do not know"", ""7"": ""Declined to answer"", ""9"": ""Missing""}",,,1.0,7.0
9,Q101_2,Q101_2.How would you evaluate Your home country’s economic situation,float64,1229,0,6,"{""1"": ""very good"", ""2"": ""Good"", ""3"": ""Bad"", ""4"": ""very bad"", ""6"": ""Do not know"", ""7"": ""Declined to answer"", ""9"": ""Missing""}",,,1.0,7.0
10,Q101_3,"Q101_3.How would you evaluate The level of safety in your area of residence (neighborhood, district, village)",float64,1229,0,6,"{""1"": ""very good"", ""2"": ""Good"", ""3"": ""Bad"", ""4"": ""very bad"", ""6"": ""Do not know"", ""7"": ""Declined to answer"", ""9"": ""Missing""}",,,1.0,7.0
11,Q101_4,Q101_4.How would you evaluate The level of safety in your home country,float64,1229,0,6,"{""1"": ""very good"", ""2"": ""Good"", ""3"": ""Bad"", ""4"": ""very bad"", ""6"": ""Do not know"", ""7"": ""Declined to answer"", ""9"": ""Missing""}",,,1.0,7.0
12,Q101_5,Q101_5.How would you evaluate The political situation in your home country,float64,1229,0,6,"{""1"": ""very good"", ""2"": ""Good"", ""3"": ""Bad"", ""4"": ""very bad"", ""6"": ""Do not know"", ""7"": ""Declined to answer"", ""9"": ""Missing""}",,,1.0,7.0
13,Q101_6,Q101_6.How would you evaluate Your life,float64,1229,0,6,"{""1"": ""very good"", ""2"": ""Good"", ""3"": ""Bad"", ""4"": ""very bad"", ""6"": ""Do not know"", ""7"": ""Declined to answer"", ""9"": ""Missing""}",,,1.0,7.0
14,Q101_7,Q101_7.How would you evaluate Your health condition,float64,1229,0,5,"{""1"": ""very good"", ""2"": ""Good"", ""3"": ""Bad"", ""4"": ""very bad"", ""6"": ""Do not know"", ""7"": ""Declined to answer"", ""9"": ""Missing""}",,,1.0,6.0
15,Q101_8,Q101_8.How would you evaluate Your employment (for those who are employed),float64,1229,0,5,"{""0"": ""N/A"", ""1"": ""very good"", ""2"": ""Good"", ""3"": ""Bad"", ""4"": ""very bad"", ""6"": ""Do not know"", ""7"": ""Declined to answer"", ""9"": ""Missing""}",,,0.0,4.0
16,Q103,"Q103.In your opinion, what is the most important challenge facing your home country today?",float64,1229,0,15,"{""1"": ""Unemployment"", ""2"": ""Lack of security and safety"", ""3"": ""Negative economic conditions"", ""4"": ""Price inflation"", ""5"": ""Weakened social services"", ""6"": ""Governance and the lack of democracy"", ""7"": ""Poverty"", ""8"": ""Social Issues"", ""9"": ""Administrative and fiscal corruption"", ""10"": ""Lack of political stability"", ""11"": ""The policies of the Israeli occupation and the blockade of Gaza"", ""12"": ""Refugees"", ""13"": ""Regional / sectarian / ethnic / tribal divisions"", ""14"": ""External intervention"", ""15"": ""The issue of separation from the south"", ""16"": ""Palestinian division"", ""17"": ""American occupation"", ""9992"": ""Other"", ""9996"": ""Do not know"", ""9997"": ""Declined to answer"", ""9998"": ""There isn’t any"", ""9999"": ""Missing""}",,,1.0,9997.0
17,Q105,Q105.Would you like to emigrate to another country?,float64,1229,0,3,"{""1"": ""Yes"", ""2"": ""No"", ""6"": ""Do not know"", ""7"": ""Declined to answer"", ""9"": ""Missing""}",,,1.0,6.0
18,Q106,Q106.To which country would you like to emigrate?,float64,397,832,8,"{""1"": ""European countries"", ""2"": ""Gulf countries"", ""3"": ""USA"", ""4"": ""Canada"", ""5"": ""Turkey"", ""6"": ""Australia"", ""7"": ""Arab countries"", ""8"": ""Other countries"", ""9"": ""Africa"", ""10"": ""Latin America"", ""9995"": ""Not Decided yet"", ""9996"": ""Do not know"", ""9997"": ""Declined to answer"", ""9999"": ""Missing""}",,,1.0,9997.0
19,Q108_1,Q108_1.There are a number of factors which drive people to immigrate. Please tell me if these reasons apply to you Looking for job opportunities or better employment,float64,397,832,3,"{""1"": ""Yes"", ""2"": ""No"", ""7"": ""Don’t know"", ""8"": ""Refuse to answer"", ""9"": ""Missing""}",,,1.0,8.0
20,Q108_2,Q108_2.Please tell me if these reasons apply to you Lack of security and instability,float64,397,832,4,"{""1"": ""Yes"", ""2"": ""No"", ""7"": ""Don’t know"", ""8"": ""Refuse to answer"", ""9"": ""Missing""}",,,1.0,8.0
21,Q108_3,Q108_2.Please tell me if these reasons apply to you Poverty,float64,397,832,4,"{""1"": ""Yes"", ""2"": ""No"", ""7"": ""Don’t know"", ""8"": ""Refuse to answer"", ""9"": ""Missing""}",,,1.0,8.0
22,Q108_4,Q108_4.Please tell me if these reasons apply to you A sense of persecution,float64,397,832,4,"{""1"": ""Yes"", ""2"": ""No"", ""7"": ""Don’t know"", ""8"": ""Refuse to answer"", ""9"": ""Missing""}",,,1.0,8.0
23,Q108_5,Q108_5.Please tell me if these reasons apply to you Political reasons,float64,397,832,4,"{""1"": ""Yes"", ""2"": ""No"", ""7"": ""Don’t know"", ""8"": ""Refuse to answer"", ""9"": ""Missing""}",,,1.0,8.0
24,Q201_1,Q201_1.To what extent do you trust The Judiciary,float64,1229,0,6,"{""1"": ""I trust to a great extent"", ""2"": ""I trust to some extent"", ""3"": ""I do not trust to some extent"", ""4"": ""I do not trust at all"", ""6"": ""Do not know"", ""7"": ""Declined to answer"", ""9"": ""Missing""}",,,1.0,7.0
25,Q201_2,Q201_2.To what extent do you trust Public Security (the Police),float64,1229,0,6,"{""1"": ""I trust to a great extent"", ""2"": ""I trust to some extent"", ""3"": ""I do not trust to some extent"", ""4"": ""I do not trust at all"", ""6"": ""Do not know"", ""7"": ""Declined to answer"", ""9"": ""Missing""}",,,1.0,7.0
26,Q201_3,Q201_3.To what extent do you trust Elected representative legislature,float64,0,1229,0,"{""1"": ""I trust to a great extent"", ""2"": ""I trust to some extent"", ""3"": ""I do not trust to some extent"", ""4"": ""I do not trust at all"", ""6"": ""Do not know"", ""7"": ""Declined to answer"", ""9"": ""Missing""}",,,,
27,Q201_4,Q201_4.To what extent do you trust The government,float64,1229,0,6,"{""1"": ""I trust to a great extent"", ""2"": ""I trust to some extent"", ""3"": ""I do not trust to some extent"", ""4"": ""I do not trust at all"", ""6"": ""Do not know"", ""7"": ""Declined to answer"", ""9"": ""Missing""}",,,1.0,7.0
28,Q201_5,Q201_5.To what extent do you trust Political parties,float64,1229,0,6,"{""1"": ""I trust to a great extent"", ""2"": ""I trust to some extent"", ""3"": ""I do not trust to some extent"", ""4"": ""I do not trust at all"", ""6"": ""Do not know"", ""7"": ""Declined to answer"", ""9"": ""Missing""}",,,1.0,7.0
29,Q201_6,Q201_6.To what extent do you trust The Army,float64,1229,0,6,"{""1"": ""I trust to a great extent"", ""2"": ""I trust to some extent"", ""3"": ""I do not trust to some extent"", ""4"": ""I do not trust at all"", ""6"": ""Do not know"", ""7"": ""Declined to answer"", ""9"": ""Missing""}",,,1.0,7.0
30,Q201_7,Q201_7.To what extent do you trust Intelligence Services (Secret Police/ State Security),float64,0,1229,0,"{""1"": ""I trust to a great extent"", ""2"": ""I trust to some extent"", ""3"": ""I do not trust to some extent"", ""4"": ""I do not trust at all"", ""6"": ""Do not know"", ""7"": ""Declined to answer"", ""9"": ""Missing""}",,,,
31,Q203,"Q203.With regards to the state's application of the rule of law between citizens, which of the following statements is closest to your opinion ...",float64,1229,0,5,"{""1"": ""The State applies the rule of law equally to a large extent"", ""2"": ""The State applies the rule of law, but favors some groups over others"", ""3"": ""The State completely does not apply the rule of law equally among the people"", ""6"": ""Do not know"", ""7"": ""Declined to answer"", ""9"": ""Missing""}",,,1.0,7.0
32,Q204,"Q204.In your opinion, how widespread is financial and administrative corruption in your home country?",float64,1229,0,6,"{""1"": ""Very widespread"", ""2"": ""Widespread, to some extent"", ""3"": ""Widespread to a limited extent"", ""4"": ""Not widespread at all"", ""6"": ""Do not know"", ""7"": ""Declined to answer"", ""9"": ""Missing""}",,,1.0,7.0
33,Q205,"Q205.In your opinion, how serious is the government in combating financial and administrative corruption in your home country?",float64,1191,38,5,"{""1"": ""Very serious"", ""2"": ""Serious to some extent"", ""3"": ""Not serious"", ""4"": ""Not serious at all"", ""6"": ""Do not know"", ""7"": ""Declined to answer"", ""9"": ""Missing""}",,,1.0,6.0
34,q206_1,Q206_1.To what extent do the policies of the government of your country reflect the views of the citizenry within Foreign policy,float64,1229,0,6,"{""1"": ""Reflects citizens’ views to a great extent"", ""2"": ""Reflects citizens’ views to some extent"", ""3"": ""Does not reflect citizens’ views, to some extent"", ""4"": ""Does not reflect citizens’ views at all"", ""6"": ""Do not know"", ""7"": ""Declined to answer"", ""9"": ""Missing""}",,,1.0,7.0
35,q206_2,Q206_2.To what extent do the policies of the government of your country reflect the views of the citizenry within Domestic economic policy,float64,1229,0,6,"{""1"": ""Reflects citizens’ views to a great extent"", ""2"": ""Reflects citizens’ views to some extent"", ""3"": ""Does not reflect citizens’ views, to some extent"", ""4"": ""Does not reflect citizens’ views at all"", ""6"": ""Do not know"", ""7"": ""Declined to answer"", ""9"": ""Missing""}",,,1.0,7.0
36,QPal_w206_1,QPal_w206_1.To what extent do the policies of the government in the West Bank reflect the views of the citizenry within  Foreign policy,float64,0,1229,0,"{""1"": ""Reflects citizens’ views to a great extent"", ""2"": ""Reflects citizens’ views to some extent"", ""3"": ""Does not reflect citizens’ views, to some extent"", ""4"": ""Does not reflect citizens’ views at all"", ""6"": ""Do not know"", ""7"": ""Declined to answer"", ""9"": ""Missing""}",,,,
37,QPal_w206_2,QPal_w206_2.To what extent do the policies of the government in the West Bank reflect the views of the citizenry within  Domestic economic policy,float64,0,1229,0,"{""1"": ""Reflects citizens’ views to a great extent"", ""2"": ""Reflects citizens’ views to some extent"", ""3"": ""Does not reflect citizens’ views, to some extent"", ""4"": ""Does not reflect citizens’ views at all"", ""6"": ""Do not know"", ""7"": ""Declined to answer"", ""9"": ""Missing""}",,,,
38,QPal_G206_1,QPal_G206_1.To what extent do the policies of the government in Gaza reflect the views of the citizenry within t Foreign policy,float64,0,1229,0,"{""1"": ""Reflects citizens’ views to a great extent"", ""2"": ""Reflects citizens’ views to some extent"", ""3"": ""Does not reflect citizens’ views, to some extent"", ""4"": ""Does not reflect citizens’ views at all"", ""6"": ""Do not know"", ""7"": ""Declined to answer"", ""9"": ""Missing""}",,,,
39,QPal_G206_2,QPal_G206_2.To what extent do the policies of the government in Gaza reflect the views of the citizenry within t Domestic economic policy,float64,0,1229,0,"{""1"": ""Reflects citizens’ views to a great extent"", ""2"": ""Reflects citizens’ views to some extent"", ""3"": ""Does not reflect citizens’ views, to some extent"", ""4"": ""Does not reflect citizens’ views at all"", ""6"": ""Do not know"", ""7"": ""Declined to answer"", ""9"": ""Missing""}",,,,
40,Q207_1,Q207_1.To what extent do you think that Foreign policy  in your country is independent of the dictates of external forces,float64,1229,0,6,"{""1"": ""Fully independent"", ""2"": ""Somewhat independent"", ""3"": ""Somewhat not independent"", ""4"": ""Not at all independent"", ""6"": ""Do not know"", ""7"": ""Declined to answer"", ""9"": ""Missing""}",,,1.0,7.0
41,Q207_2,Q207_2.To what extent do you think that Domestic economic policy  in your country is independent of the dictates of external forces,float64,1229,0,6,"{""1"": ""Fully independent"", ""2"": ""Somewhat independent"", ""3"": ""Somewhat not independent"", ""4"": ""Not at all independent"", ""6"": ""Do not know"", ""7"": ""Declined to answer"", ""9"": ""Missing""}",,,1.0,7.0
42,QPW207_1,QPW207_1.To what extent do you think that Foreign policy in the West Bank government is independent of the dictates of external forces,float64,0,1229,0,"{""1"": ""Fully independent"", ""2"": ""Somewhat independent"", ""3"": ""Somewhat not independent"", ""4"": ""Not at all independent"", ""6"": ""Do not know"", ""7"": ""Declined to answer"", ""9"": ""Missing""}",,,,
43,QPW207_2,QPW207_2.To what extent do you think that Domestic economic policy in the West Bank government is independent of the dictates of external forces,float64,0,1229,0,"{""1"": ""Fully independent"", ""2"": ""Somewhat independent"", ""3"": ""Somewhat not independent"", ""4"": ""Not at all independent"", ""6"": ""Do not know"", ""7"": ""Declined to answer"", ""9"": ""Missing""}",,,,
44,QPG207_1,QPG207_1.To what extent do you think that Foreign policy in the Gaza government is independent of the dictates of external forces,float64,0,1229,0,"{""1"": ""Fully independent"", ""2"": ""Somewhat independent"", ""3"": ""Somewhat not independent"", ""4"": ""Not at all independent"", ""6"": ""Do not know"", ""7"": ""Declined to answer"", ""9"": ""Missing""}",,,,
45,QPG207_2,QPG207_2.To what extent do you think that Domestic economic policy in the Gaza government is independent of the dictates of external forces,float64,0,1229,0,"{""1"": ""Fully independent"", ""2"": ""Somewhat independent"", ""3"": ""Somewhat not independent"", ""4"": ""Not at all independent"", ""6"": ""Do not know"", ""7"": ""Declined to answer"", ""9"": ""Missing""}",,,,
46,Q211_1,Q211_1.How satisfied are you regarding Regular access of electricity to your home currently,float64,1229,0,6,"{""0"": ""Not applicable (don'’ read)"", ""1"": ""Very satisfied"", ""2"": ""Satisfied to some degree"", ""3"": ""Dissatisfied to some degree"", ""4"": ""Not at all satisfied"", ""6"": ""Do not know"", ""7"": ""Declined to answer"", ""9"": ""Missing""}",,,0.0,6.0
47,Q211_2,Q211_2.How satisfied are you regarding Regular access of water to your home (via the network) currently,float64,1229,0,7,"{""0"": ""Not applicable (don'’ read)"", ""1"": ""Very satisfied"", ""2"": ""Satisfied to some degree"", ""3"": ""Dissatisfied to some degree"", ""4"": ""Not at all satisfied"", ""6"": ""Do not know"", ""7"": ""Declined to answer"", ""9"": ""Missing""}",,,0.0,7.0
48,Q211_3,Q211_3.How satisfied are you regarding Water quality to your home through the network currently,float64,1229,0,7,"{""0"": ""Not applicable (don'’ read)"", ""1"": ""Very satisfied"", ""2"": ""Satisfied to some degree"", ""3"": ""Dissatisfied to some degree"", ""4"": ""Not at all satisfied"", ""6"": ""Do not know"", ""7"": ""Declined to answer"", ""9"": ""Missing""}",,,0.0,7.0
49,Q211_4,Q211_4.How satisfied are you regarding Availability of government health services provided to you and your family currently,float64,1229,0,7,"{""0"": ""Not applicable (don'’ read)"", ""1"": ""Very satisfied"", ""2"": ""Satisfied to some degree"", ""3"": ""Dissatisfied to some degree"", ""4"": ""Not at all satisfied"", ""6"": ""Do not know"", ""7"": ""Declined to answer"", ""9"": ""Missing""}",,,0.0,7.0
50,Q211_5,Q211_5.How satisfied are you regarding Police in (country name) in general currently,float64,1229,0,7,"{""0"": ""Not applicable (don'’ read)"", ""1"": ""Very satisfied"", ""2"": ""Satisfied to some degree"", ""3"": ""Dissatisfied to some degree"", ""4"": ""Not at all satisfied"", ""6"": ""Do not know"", ""7"": ""Declined to answer"", ""9"": ""Missing""}",,,0.0,7.0
51,Q211_6,Q211_6.How satisfied are you regarding Police in your neighborhood currently,float64,1229,0,7,"{""0"": ""Not applicable (don'’ read)"", ""1"": ""Very satisfied"", ""2"": ""Satisfied to some degree"", ""3"": ""Dissatisfied to some degree"", ""4"": ""Not at all satisfied"", ""6"": ""Do not know"", ""7"": ""Declined to answer"", ""9"": ""Missing""}",,,0.0,7.0
52,Q211_7,Q211_7.How satisfied are you regarding Level of education in public schools currently,float64,1229,0,6,"{""0"": ""Not applicable (don'’ read)"", ""1"": ""Very satisfied"", ""2"": ""Satisfied to some degree"", ""3"": ""Dissatisfied to some degree"", ""4"": ""Not at all satisfied"", ""6"": ""Do not know"", ""7"": ""Declined to answer"", ""9"": ""Missing""}",,,1.0,7.0
53,Q211_8,Q211_8.How satisfied are you regarding Level of education in public universities currently,float64,1229,0,6,"{""0"": ""Not applicable (don'’ read)"", ""1"": ""Very satisfied"", ""2"": ""Satisfied to some degree"", ""3"": ""Dissatisfied to some degree"", ""4"": ""Not at all satisfied"", ""6"": ""Do not know"", ""7"": ""Declined to answer"", ""9"": ""Missing""}",,,1.0,7.0
54,Q211_9,Q211_9.How satisfied are you regarding Quality of public transportation system currently,float64,1229,0,6,"{""0"": ""Not applicable (don'’ read)"", ""1"": ""Very satisfied"", ""2"": ""Satisfied to some degree"", ""3"": ""Dissatisfied to some degree"", ""4"": ""Not at all satisfied"", ""6"": ""Do not know"", ""7"": ""Declined to answer"", ""9"": ""Missing""}",,,1.0,7.0
55,Q211_10,Q211_10.How satisfied are you regarding Quality of roads in your neighborhood currently,float64,1229,0,7,"{""0"": ""Not applicable (don'’ read)"", ""1"": ""Very satisfied"", ""2"": ""Satisfied to some degree"", ""3"": ""Dissatisfied to some degree"", ""4"": ""Not at all satisfied"", ""6"": ""Do not know"", ""7"": ""Declined to answer"", ""9"": ""Missing""}",,,0.0,7.0
56,Q212,Q212.Which of these statements regarding the role of the state in school education do you agree with most?,float64,1229,0,5,"{""1"": ""The state must provide free schooling for all"", ""2"": ""The state must provide schooling for all for a token fee"", ""3"": ""People must cover the cost of schooling for themselves or their dependents"", ""6"": ""Do not know"", ""7"": ""Declined to answer"", ""9"": ""Missing""}",,,1.0,7.0
57,Q213,Q213.The curriculum of some schools in (country) is taught in a foreign language (such as English or French). Do you support this policy?,float64,1229,0,4,"{""1"": ""Support"", ""2"": ""Oppose"", ""6"": ""Do not know"", ""7"": ""Declined to answer"", ""9"": ""Missing""}",,,1.0,7.0
58,Q214,Q214.What statement most closely reflects your opinion on the state’s role in university education?,float64,1229,0,5,"{""1"": ""The state should provide free university eduction for all"", ""2"": ""The state should provide university education for a token fee for everyone"", ""3"": ""The public should pay for university education for themselves or their dependents"", ""6"": ""Do not know"", ""7"": ""Declined to answer"", ""9"": ""Missing""}",,,1.0,7.0
59,Q215,Q215.What statement most closely reflects your opinion on the state’s role in the health sector?,float64,1229,0,5,"{""1"": ""The state should provide free medical treatment and healthcare services for everyone"", ""2"": ""The state should provide medical treatment and healthcare services for everyone for a token fee"", ""3"": ""The public should pay for healthcare and medical treatment for themselves or their dependents"", ""6"": ""Do not know"", ""7"": ""Declined to answer"", ""9"": ""Missing""}",,,1.0,7.0
60,Q302,Q302.To what extent are you interested in the political affairs of your home country?,float64,1229,0,5,"{""1"": ""Very interested"", ""2"": ""Interested"", ""3"": ""Interested to a limited extent"", ""4"": ""Completely uninterested"", ""6"": ""Do not know"", ""7"": ""Declined to answer"", ""9"": ""Missing""}",,,1.0,7.0
61,Q303_1,Q303_1.Do you agree or disagree with  The legislature holds the government (executive) responsible for its policies and actions,float64,1229,0,6,"{""1"": ""Strongly agree"", ""2"": ""Agree"", ""3"": ""Disagree"", ""4"": ""Strongly Disagree"", ""6"": ""Do not know"", ""7"": ""Declined to answer"", ""9"": ""Missing""}",,,1.0,7.0
62,Q303_2,Q303_2.Do you agree or disagree with  The legislature exercises oversight over public expenditure,float64,1229,0,6,"{""1"": ""Strongly agree"", ""2"": ""Agree"", ""3"": ""Disagree"", ""4"": ""Strongly Disagree"", ""6"": ""Do not know"", ""7"": ""Declined to answer"", ""9"": ""Missing""}",,,1.0,7.0
63,Q303_6,Q303_6.Do you agree or disagree with  The Council expresses the problems of citizens,float64,1229,0,6,"{""1"": ""Strongly agree"", ""2"": ""Agree"", ""3"": ""Disagree"", ""4"": ""Strongly Disagree"", ""6"": ""Do not know"", ""7"": ""Declined to answer"", ""9"": ""Missing""}",,,1.0,7.0
64,Q303_7,Q303_7.Do you agree or disagree with  The Council serves the public interest,float64,1229,0,6,"{""1"": ""Strongly agree"", ""2"": ""Agree"", ""3"": ""Disagree"", ""4"": ""Strongly Disagree"", ""6"": ""Do not know"", ""7"": ""Declined to answer"", ""9"": ""Missing""}",,,1.0,7.0
65,Q305,"Q305.Did you vote in the last legislative/parliamentary elections, which took place on..?",float64,1229,0,4,"{""1"": ""Yes"", ""2"": ""No"", ""6"": ""Do not know"", ""7"": ""Declined to answer"", ""9"": ""Missing""}",,,1.0,7.0
66,Q306,"Q306.Regarding the results you envisaged, were the elections worth participating in?",float64,413,816,4,"{""1"": ""Yes"", ""2"": ""No"", ""6"": ""Do not know"", ""7"": ""Declined to answer"", ""9"": ""Missing""}",,,1.0,7.0
67,Q309,"Q309.Generally speaking, how would you evaluate the integrity of the last legislative/parliamentary elections, held on?",float64,1229,0,5,"{""1"": ""They were completely free and fair"", ""2"": ""They were generally free and fair to some extent, but suffered from infractions"", ""3"": ""They were not free and fair"", ""6"": ""Do not know"", ""7"": ""Declined to answer"", ""9"": ""Missing""}",,,1.0,7.0
68,Q312,Q312.Do you intend to vote in the coming parliamentary elections?,float64,1229,0,4,"{""1"": ""Yes"", ""2"": ""No"", ""6"": ""Do not know"", ""7"": ""Declined to answer"", ""9"": ""Missing""}",,,1.0,7.0
69,Q314,Q314.Which of these two statements is closest to your opinion?,float64,1229,0,5,"{""1"": ""When I elect a member of parliament, I prefer to vote for a candidate who can provide different services to people in my"", ""2"": ""When I elect a member of parliament, I prefer to vote for a candidate who can make policies that serve the interests of"", ""3"": ""I disagree with both statements"", ""6"": ""Do not know"", ""7"": ""Declined to answer"", ""9"": ""Missing""}",,,1.0,7.0
70,Q319,Q319.Which of the following reasons is the most important for your participation in elections,float64,413,816,9,"{""1"": ""Selection of the political manifesto/doctrine of the candidate or party"", ""2"": ""Selection of candidate"", ""3"": ""Confessional support"", ""4"": ""Tribal support"", ""5"": ""Expression of my economic interests"", ""7"": ""Support for a particular religious group"", ""8"": ""Religious support/ Muslim-Christian"", ""9"": ""Curiosity"", ""10"": ""National duty"", ""11"": ""To strengthen democracy"", ""12"": ""Voting is a right"", ""9992"": ""Other reasons"", ""9996"": ""Do not know"", ""9997"": ""Declined to answer"", ""9999"": ""Missing""}",,,1.0,9997.0
71,QPal320A,"QPal320A.If presidential elections were held today, and a candidate for Fatah went up against a Hamas candidate, who would you vote for?",float64,0,1229,0,"{""1"": ""Fatah candidate"", ""2"": ""Hamas candidate"", ""3"": ""Neither"", ""4"": ""I won’t vote"", ""6"": ""Do not know"", ""7"": ""Declined to answer"", ""9"": ""Missing""}",,,,
72,Q331,"Q331.Are you a member of any civil or civil institution, such as an association, union, federation, organisation, or club on a voluntary basis?",float64,1229,0,3,"{""1"": ""Yes"", ""2"": ""No"", ""6"": ""Do not know"", ""7"": ""Declined to answer"", ""9"": ""Missing""}",,,1.0,7.0
73,Q336,Q336.Which news medium do you rely on the most to receive up-to-date news on general political affairs?,float64,1229,0,8,"{""1"": ""Satellite TV stations"", ""2"": ""Radio"", ""3"": ""Daily newspapers (whether in electronic or print form)"", ""4"": ""Magazines: Periodicals with weekly or monthly publication"", ""5"": ""The internet"", ""6"": ""What I hear from friends, acquaintances, and neighbours"", ""9996"": ""Do not know"", ""9997"": ""Declined to answer"", ""9999"": ""Missing""}",,,1.0,9998.0
74,Q352,Q352.To what extent do you believe that human rights are sacrificed in your country in the name of maintaining security?,float64,1229,0,6,"{""1"": ""To a large extent"", ""2"": ""To an extent"", ""3"": ""To a small extent"", ""4"": ""Not at all"", ""6"": ""Do not know"", ""7"": ""Declined to answer"", ""9"": ""Missing""}",,,1.0,7.0
75,QP352,QP352.To what extent do you believe that human rights are being violated in the West Bank in the name of maintaining security?,float64,0,1229,0,"{""1"": ""To a large extent"", ""2"": ""To an extent"", ""3"": ""To a small extent"", ""4"": ""Not at all"", ""6"": ""Do not know"", ""7"": ""Declined to answer"", ""9"": ""Missing""}",,,,
76,QP352A,QP352A.To what extent do you believe that human rights are being sacrificed in Gaza in the name of maintaining security?,float64,0,1229,0,"{""1"": ""To a large extent"", ""2"": ""To an extent"", ""3"": ""To a small extent"", ""4"": ""Not at all"", ""6"": ""Do not know"", ""7"": ""Declined to answer"", ""9"": ""Missing""}",,,,
77,Q402,Q402.where would you put your home country on this scale?,float64,1229,0,12,"{""1"": ""not democratic at all"", ""10"": ""completely democratic"", ""96"": ""Do not know"", ""97"": ""Declined to answer"", ""99"": ""Missing""}",,,1.0,97.0
78,Q403_1,"Q403_1.From 0-10, how would you rate the level of democracy in USA",float64,1229,0,13,"{""0"": ""Completely undemocratic"", ""10"": ""Completely democratic"", ""96"": ""Do not know"", ""97"": ""Declined to answer"", ""99"": ""Missing""}",,,0.0,97.0
79,Q403_2,"Q403_2.From 0-10, how would you rate the level of democracy in France",float64,1229,0,13,"{""0"": ""Completely undemocratic"", ""10"": ""Completely democratic"", ""96"": ""Do not know"", ""97"": ""Declined to answer"", ""99"": ""Missing""}",,,0.0,97.0
80,Q403_3,"Q403_3.From 0-10, how would you rate the level of democracy in Turkey",float64,1229,0,13,"{""0"": ""Completely undemocratic"", ""10"": ""Completely democratic"", ""96"": ""Do not know"", ""97"": ""Declined to answer"", ""99"": ""Missing""}",,,0.0,97.0
81,Q403_4,"Q403_4.From 0-10, how would you rate the level of democracy in Israel",float64,1229,0,13,"{""0"": ""Completely undemocratic"", ""10"": ""Completely democratic"", ""96"": ""Do not know"", ""97"": ""Declined to answer"", ""99"": ""Missing""}",,,0.0,97.0
82,Q403_5,"Q403_5.From 0-10, how would you rate the level of democracy in Iran",float64,1229,0,13,"{""0"": ""Completely undemocratic"", ""10"": ""Completely democratic"", ""96"": ""Do not know"", ""97"": ""Declined to answer"", ""99"": ""Missing""}",,,0.0,97.0
83,Q404,"Q404.In your personal opinion, which single factor is most important for a country to possess in order for it to be democratic?",float64,1229,0,8,"{""1"": ""Equality, justice for all citizens"", ""2"": ""Preservation of civil/public liberties"", ""3"": ""Democratic system of government"", ""5"": ""Improved economic situation"", ""6"": ""Safety, security and stability"", ""7"": ""Positive attitudes towards democracy"", ""8"": ""Implementation of religious edicts"", ""9"": ""The elimination of sectarianism, political sectarianism, racisism, and regional discrimination"", ""9992"": ""Other"", ""9996"": ""Do not know"", ""9997"": ""Declined to answer"", ""9999"": ""Missing""}",,,1.0,9997.0
84,Q405_1,"Q405_1.Please express your level of agreement or disagreement with each of these. In a democratic system, the economy is performing poorly",float64,1229,0,6,"{""1"": ""Strongly agree"", ""2"": ""Agree"", ""3"": ""Disagree"", ""4"": ""Strongly Disagree"", ""6"": ""Do not know"", ""7"": ""Declined to answer"", ""9"": ""Missing""}",,,1.0,7.0
85,Q405_2,Q405_2.Please express your level of agreement or disagreement with each of these. Democracies are characterized by indecisiveness and discord,float64,1229,0,6,"{""1"": ""Strongly agree"", ""2"": ""Agree"", ""3"": ""Disagree"", ""4"": ""Strongly Disagree"", ""6"": ""Do not know"", ""7"": ""Declined to answer"", ""9"": ""Missing""}",,,1.0,7.0
86,Q405_3,Q405_3.Please express your level of agreement or disagreement with each of these. Democracies are not effective in maintaining public order,float64,1229,0,6,"{""1"": ""Strongly agree"", ""2"": ""Agree"", ""3"": ""Disagree"", ""4"": ""Strongly Disagree"", ""6"": ""Do not know"", ""7"": ""Declined to answer"", ""9"": ""Missing""}",,,1.0,7.0
87,Q405_6,Q405_6.Please express your level of agreement or disagreement with each of these. Democracy has its own problems but remains better than other systems,float64,1229,0,6,"{""1"": ""Strongly agree"", ""2"": ""Agree"", ""3"": ""Disagree"", ""4"": ""Strongly Disagree"", ""6"": ""Do not know"", ""7"": ""Declined to answer"", ""9"": ""Missing""}",,,1.0,7.0
88,Q407_1,Q407_1.An ideal system of government would ensure/safeguard as its highest priority,float64,1229,0,6,"{""1"": ""Provision of basic necessities for the people"", ""2"": ""Maintaining the country’s sovereignty"", ""3"": ""Social justice"", ""4"": ""Checks and Balances"", ""5"": ""Public freedoms/liberties"", ""6"": ""Application of the religious laws"", ""7"": ""Application of the rule of law"", ""96"": ""Do not know"", ""97"": ""Declined to answer"", ""98"": ""áÇ íæÌÏ ÚÇãá ËÇäò"", ""99"": ""Missing""}",,,1.0,97.0
89,Q410,Q410.Hereditary rule in some Arab countries ruled by republican regimes is receding. Do you support hereditary rule within these regimes?,float64,1229,0,4,"{""1"": ""Support hereditary rule within republican regimes"", ""2"": ""Disagree with hereditary rule within republican"", ""6"": ""Do not know"", ""7"": ""Declined to answer"", ""9"": ""Missing""}",,,1.0,7.0
90,Q420_1,Q420_1.Would you agree or disagree with one of the Political parties with which you disagree in terms of ideas and agendas to power through winning enough votes in free and fair elections?,float64,1229,0,4,"{""1"": ""Agree"", ""2"": ""Disagree"", ""6"": ""Do not know"", ""7"": ""Declined to answer"", ""9"": ""Missing""}",,,1.0,7.0
91,Q420_2,Q420_2.Would you agree or disagree with one of the Islamist (“Islamic”) political parties to power through winning enough votes in free and fair elections?,float64,1229,0,4,"{""1"": ""Agree"", ""2"": ""Disagree"", ""6"": ""Do not know"", ""7"": ""Declined to answer"", ""9"": ""Missing""}",,,1.0,7.0
92,Q420_3,Q420_3.Would you agree or disagree with one of the Non-Islamist /secular political parties to power through winning enough votes in free and fair elections?,float64,1229,0,4,"{""1"": ""Agree"", ""2"": ""Disagree"", ""6"": ""Do not know"", ""7"": ""Declined to answer"", ""9"": ""Missing""}",,,1.0,7.0
93,Q601,"Q601.In general, in your dealings with others, do you prefer to deal with",float64,1229,0,4,"{""1"": ""Religiously observant individuals"", ""2"": ""Individuals who are not religiously observant"", ""3"": ""I have no preference"", ""6"": ""Do not know"", ""7"": ""Declined to answer"", ""9"": ""Missing""}",,,1.0,7.0
94,Q602,"Q602.Regardless of whether or not you attend places of worship, do you consider yourself to be a",float64,1229,0,6,"{""1"": ""Very religious (religiously observant)"", ""2"": ""Religious (religiously observant) to some extent"", ""3"": ""Not religious (not religiously observant)"", ""4"": ""A non-believer"", ""6"": ""Do not know"", ""7"": ""Declined to answer"", ""9"": ""Missing""}",,,1.0,7.0
95,Q603,Q603.What is the single most important characteristic which an individual must possess in order to be considered religious?,float64,1229,0,6,"{""1"": ""Observes religious obligations and acts of worship"", ""2"": ""Possesses the characteristics of honesty and trustworthiness"", ""3"": ""Treats others kindly"", ""4"": ""Maintains the ties of kinship and supports his/her relatives"", ""5"": ""Helps the poor and needy"", ""6"": ""All the above"", ""7"": ""ocial solidarity"", ""9992"": ""Other"", ""9996"": ""Do not know"", ""9997"": ""Declined to answer"", ""9999"": ""Missing""}",,,1.0,9997.0
96,Q604,Q604.Over the last year have you devoted any time to watching/listening to religious programmes or media?,float64,1229,0,4,"{""1"": ""Yes"", ""2"": ""No"", ""7"": ""Do not know"", ""8"": ""Declined to answer"", ""9"": ""Missing""}",,,1.0,8.0
97,Q605,Q605.Did you devote time to watching/listening to religious programmes or media…?,float64,788,441,7,"{""1"": ""Daily"", ""2"": ""Several times a week"", ""3"": ""Once a week"", ""4"": ""Once a month"", ""5"": ""Less than that"", ""7"": ""Don’t know"", ""8"": ""Decline to answer"", ""99"": ""Missing""}",,,1.0,8.0
98,Q608_1,Q608_1.Is important to approving the marriage of your son / daughter / sister / brother High level of education,float64,1229,0,4,"{""1"": ""Important"", ""2"": ""Not important"", ""6"": ""Do not know"", ""7"": ""Declined to answer"", ""9"": ""Missing""}",,,1.0,7.0
99,Q608_2,Q608_2.Is important to approving the marriage of your son / daughter / sister / brother Strong financial status,float64,1229,0,4,"{""1"": ""Important"", ""2"": ""Not important"", ""6"": ""Do not know"", ""7"": ""Declined to answer"", ""9"": ""Missing""}",,,1.0,7.0
100,Q608_3,Q608_3.Is important to approving the marriage of your son / daughter / sister / brother Belonging to a well known family/tribe/clan,float64,1229,0,4,"{""1"": ""Important"", ""2"": ""Not important"", ""6"": ""Do not know"", ""7"": ""Declined to answer"", ""9"": ""Missing""}",,,1.0,7.0
101,Q608_11,Q608_11.Is important to approving the marriage of your son / daughter / sister / brother Being a religious person,float64,1229,0,4,"{""1"": ""Important"", ""2"": ""Not important"", ""6"": ""Do not know"", ""7"": ""Declined to answer"", ""9"": ""Missing""}",,,1.0,7.0
102,Q608_12,Q608_12.Is important to approving the marriage of your son / daughter / sister / brother Belonging to the same religion,float64,0,1229,0,"{""1"": ""Important"", ""2"": ""Not important"", ""6"": ""Do not know"", ""7"": ""Declined to answer"", ""9"": ""Missing""}",,,,
103,Q609,Q609.Which of the factors listed in the previous question is most important for your approval to a marriage?,float64,1229,0,7,"{""1"": ""High level of education"", ""2"": ""Strong financial status"", ""3"": ""Belonging to a well known family/tribe/clan"", ""4"": ""Undertaking religious obligations and worship"", ""5"": ""Being from the same sect/madhab"", ""6"": ""Having strong morals"", ""7"": ""Coming from the same ethnicity"", ""8"": ""Having the same national/ethnic/linguistic origin"", ""9"": ""Being from the same sect"", ""10"": ""Being from the same religious order (Tariqa)"", ""11"": ""Being a religious person"", ""12"": ""Belonging to the same religion"", ""96"": ""Do not know"", ""97"": ""Declined to answer"", ""99"": ""Missing""}",,,1.0,97.0
104,Q610_1,Q610_1.I would like you to tell me the extent of your agreement/disagreement with Religious leaders/clerics should not influence on voters’ electoral choices,float64,1229,0,6,"{""1"": ""Strongly agree"", ""2"": ""Agree"", ""3"": ""Disagree"", ""4"": ""Strongly disagreed"", ""6"": ""Do not know"", ""7"": ""Declined to answer"", ""9"": ""Missing""}",,,1.0,7.0
105,Q610_2,Q610_2.I would like you to tell me the extent of your agreement/disagreement with It would be best for my home country if religious individuals took leading positions within the state apparatus,float64,1229,0,6,"{""1"": ""Strongly agree"", ""2"": ""Agree"", ""3"": ""Disagree"", ""4"": ""Strongly disagreed"", ""6"": ""Do not know"", ""7"": ""Declined to answer"", ""9"": ""Missing""}",,,1.0,7.0
106,Q610_3,Q610_3.I would like you to tell me the extent of your agreement/disagreement with Religious leaders/clerics should not influence government decisions,float64,1229,0,6,"{""1"": ""Strongly agree"", ""2"": ""Agree"", ""3"": ""Disagree"", ""4"": ""Strongly disagreed"", ""6"": ""Do not know"", ""7"": ""Declined to answer"", ""9"": ""Missing""}",,,1.0,7.0
107,Q610_4,Q610_4.I would like you to tell me the extent of your agreement/disagreement with Religious practices are private affairs and should be separated from public (social and political) life,float64,1229,0,6,"{""1"": ""Strongly agree"", ""2"": ""Agree"", ""3"": ""Disagree"", ""4"": ""Strongly disagreed"", ""6"": ""Do not know"", ""7"": ""Declined to answer"", ""9"": ""Missing""}",,,1.0,7.0
108,Q610_7,Q610_7.I would like you to tell me the extent of your agreement/disagreement with It would be best for my home country if religion was separated from politics,float64,1229,0,6,"{""1"": ""Strongly agree"", ""2"": ""Agree"", ""3"": ""Disagree"", ""4"": ""Strongly disagreed"", ""6"": ""Do not know"", ""7"": ""Declined to answer"", ""9"": ""Missing""}",,,1.0,7.0
109,Q701,Q701.Which of the following three broad descriptions of the ties which bind the citizens of the Arab world together is closest to your opinion,float64,1229,0,5,"{""1"": ""Arabs constitute a single nation, separated by artificial borders"", ""2"": ""Arabs constitute a single nation, even if each people has its own specificities"", ""3"": ""The Arab people are distinct nations, tied together by only tenuous links"", ""6"": ""Do not know"", ""7"": ""Declined to answer"", ""9"": ""Missing""}",,,1.0,7.0
110,Q702,Q702.Which of the following statements is closest to your opinion on inter-Arab cooperation?,float64,1229,0,5,"{""1"": ""There isn’t enough inter-Arab cooperation"", ""2"": ""There is too much inter-Arab cooperation"", ""3"": ""Inter-Arab cooperation is at a suitable level"", ""6"": ""Do not know"", ""7"": ""Declined to answer"", ""9"": ""Missing""}",,,1.0,7.0
111,Q703_1,Q703_1.Do you agree/disagree with the Allowing Arab products and goods to move between Arab countries without customs and other restrictions,float64,1229,0,3,"{""1"": ""Agree"", ""2"": ""Disagree"", ""6"": ""Do not know"", ""7"": ""Declined to answer"", ""9"": ""Missing""}",,,1.0,6.0
112,Q703_2,Q703_2.Do you agree/disagree with the Creating a single Arab currency,float64,1229,0,3,"{""1"": ""Agree"", ""2"": ""Disagree"", ""6"": ""Do not know"", ""7"": ""Declined to answer"", ""9"": ""Missing""}",,,1.0,6.0
113,Q703_3,Q703_3.Do you agree/disagree with the Removing all travel restrictions between Arab counries for Arab citizens,float64,1229,0,3,"{""1"": ""Agree"", ""2"": ""Disagree"", ""6"": ""Do not know"", ""7"": ""Declined to answer"", ""9"": ""Missing""}",,,1.0,6.0
114,Q703_4,Q703_4.Do you agree/disagree with the Creating a joint Arab military force aside from the national armies,float64,1229,0,3,"{""1"": ""Agree"", ""2"": ""Disagree"", ""6"": ""Do not know"", ""7"": ""Declined to answer"", ""9"": ""Missing""}",,,1.0,6.0
115,Q704,Q704.Which of the following statements on the Palestinian cause are you inclined towards the most?,float64,1229,0,5,"{""1"": ""The Palestinian cause is a cause for all Arabs and not the Palestinian people alone"", ""2"": ""The Palestinian cause is a cause of the Palestinians solely, and they alone should work to resolve it"", ""3"": ""I do not agree with either one of the above two statements"", ""6"": ""Do not know"", ""7"": ""Declined to answer"", ""9"": ""Missing""}",,,1.0,7.0
116,Q705,Q705.Which of the following statements on Iraq do you agree with most?,float64,1229,0,5,"{""1"": ""The Iraqi cause is a cause for all Arabs and not the Iraqi people"", ""2"": ""The Iraqi cause is a cause of the Iraqis solely, and they alone should work to resolve it"", ""3"": ""I don’t agree with either statement"", ""6"": ""Do not know"", ""7"": ""Declined to answer"", ""9"": ""Missing""}",,,1.0,7.0
117,Q706,Q706.Which of the following statements on Saudi Arabia do agree with most,float64,1229,0,5,"{""1"": ""The Saudi Arabiaese cause is a cause for all Arabs and not the Saudi Arabiaese people alone"", ""2"": ""The Saudi Arabiaese cause is a cause of the Saudi Arabiaese solely, and they alone should work to resolve it"", ""3"": ""I don’t agree with either statement"", ""6"": ""Do not know"", ""7"": ""Declined to answer"", ""9"": ""Missing""}",,,1.0,7.0
118,Q707_1,Q707_1.what are the Most important factor in your political identity,float64,1229,0,6,"{""1"": ""Religion (Christian, Muslim etc.)"", ""2"": ""National/ethnic group (Arab, Kurd etc.)"", ""3"": ""Nationality/Citizenship (Egyptian, Moroccan etc.)"", ""4"": ""Political Party membership"", ""5"": ""Belonging to a sect/madhab"", ""9992"": ""Other"", ""9996"": ""Do not know"", ""9997"": ""Declined to answer"", ""9998"": ""There is no second most important factor"", ""9999"": ""Missing""}",,,1.0,9997.0
119,Q707_2,Q707_2.what are the Second most important factor  in your political identity,float64,1214,15,5,"{""1"": ""Religion (Christian, Muslim etc.)"", ""2"": ""National/ethnic group (Arab, Kurd etc.)"", ""3"": ""Nationality/Citizenship (Egyptian, Moroccan etc.)"", ""4"": ""Political Party membership"", ""5"": ""Belonging to a sect/madhab"", ""9992"": ""Other"", ""9996"": ""Do not know"", ""9997"": ""Declined to answer"", ""9998"": ""There is no second most important factor"", ""9999"": ""Missing""}",,,1.0,9998.0
120,Q710_1,Q710_1.which country do you consider the most threatening to [the Arab world]?,float64,1229,0,6,"{""1"": ""The US"", ""2"": ""Israel"", ""3"": ""Iran"", ""4"": ""Turkey"", ""5"": ""European Countries"", ""6"": ""Arab Countries"", ""7"": ""“Islamic State” (ISIL/DAESH)"", ""8"": ""Russia"", ""9992"": ""Other"", ""9996"": ""Do not know"", ""9997"": ""Declined to answer"", ""9998"": ""There is no source that threatens the Arab region"", ""9999"": ""Missing""}",,,1.0,9996.0
121,Q710_2,Q710_2.which country do you consider the most threatening to [your home country]?,float64,1229,0,8,"{""1"": ""The US"", ""2"": ""Israel"", ""3"": ""Iran"", ""4"": ""The European Countries"", ""5"": ""“Islamic State” (ISIL/DAESH)"", ""6"": ""Semi-state armed organizations"", ""7"": ""Arab Countries"", ""8"": ""Neighboring Arab countries or Arab countries in the same region"", ""9"": ""Non-Arab neighbouring coutries or countries in the same region"", ""10"": ""Mali"", ""9992"": ""Other"", ""9996"": ""Do not know"", ""9997"": ""Declined to answer"", ""9998"": ""There is no threat to my country"", ""9999"": ""Missing""}",,,1.0,9997.0
122,Q710_3,Q710_3.which country constitutes the biggest threat to you or your family personally?,float64,1229,0,8,"{""1"": ""The US"", ""2"": ""Israel"", ""3"": ""Iran"", ""4"": ""European countries"", ""5"": ""Neighboring Arab countries or Arab countries in the same region"", ""6"": ""Non-Arab neighbouring coutries or countries in the same region"", ""7"": ""Arab Countries"", ""9992"": ""Other"", ""9996"": ""Do not know"", ""9997"": ""Declined to answer"", ""9999"": ""Missing""}",,,1.0,9997.0
123,Q712,Q712.Would you agree with your home country recognizing the state of Israel?,float64,1229,0,4,"{""1"": ""Agree"", ""2"": ""Disagree"", ""6"": ""Do not know"", ""7"": ""Declined to answer"", ""9"": ""Missing""}",,,1.0,7.0
124,Q715_1,Q715_1.I would like you to tell me to what extent you support/oppose these treaties: The 1978 Camp David Accords between Egypt and Israel,float64,1229,0,6,"{""1"": ""Support"", ""2"": ""Support to some extent"", ""3"": ""Oppose to some extent"", ""4"": ""Oppose"", ""6"": ""Do not know"", ""7"": ""Declined to answer"", ""9"": ""Missing""}",,,1.0,7.0
125,Q715_2,"Q715_2.I would like you to tell me to what extent you support/oppose these treaties: The 1993 Oslo Accords (including Annexes), between the PLO and Israel",float64,1229,0,6,"{""1"": ""Support"", ""2"": ""Support to some extent"", ""3"": ""Oppose to some extent"", ""4"": ""Oppose"", ""6"": ""Do not know"", ""7"": ""Declined to answer"", ""9"": ""Missing""}",,,1.0,7.0
126,Q715_3,Q715_3.I would like you to tell me to what extent you support/oppose these treaties: The 1994 Wadi Araba Treaty between Jordan and Israel,float64,1229,0,6,"{""1"": ""Support"", ""2"": ""Support to some extent"", ""3"": ""Oppose to some extent"", ""4"": ""Oppose"", ""6"": ""Do not know"", ""7"": ""Declined to answer"", ""9"": ""Missing""}",,,1.0,7.0
127,Q716,Q716.Do you support or oppose the presence of nuclear weapons within the Middle East?,float64,1229,0,4,"{""1"": ""Support"", ""2"": ""Oppose"", ""6"": ""Do not know"", ""7"": ""Declined to answer"", ""9"": ""Missing""}",,,1.0,7.0
128,Q719,Q719.Does Israel's possession of nuclear weapons justify other states in the region’s pursuit of such weapons?,float64,1229,0,4,"{""1"": ""Yes"", ""2"": ""No"", ""6"": ""Do not know"", ""7"": ""Declined to answer"", ""9"": ""Missing""}",,,1.0,7.0
129,Q720_1,Q720_1.Some view them as resistence movements while others see them as terrorist organisations. Do believe that Hamas in Palestine,float64,1229,0,5,"{""1"": ""I haven’t heard of it"", ""2"": ""Terrorist organisation"", ""3"": ""Resistance movement"", ""6"": ""Do not know"", ""7"": ""Declined to answer"", ""9"": ""Missing""}",,,1.0,7.0
130,Q720_2,Q720_2.Some view them as resistence movements while others see them as terrorist organisations. Do believe that Hezbollah in Lebanon,float64,1229,0,5,"{""1"": ""I haven’t heard of it"", ""2"": ""Terrorist organisation"", ""3"": ""Resistance movement"", ""6"": ""Do not know"", ""7"": ""Declined to answer"", ""9"": ""Missing""}",,,1.0,7.0
131,Q720_3,Q720_3.Some view them as resistence movements while others see them as terrorist organisations. Do believe that Al Qaeda in Iraq,float64,1229,0,5,"{""1"": ""I haven’t heard of it"", ""2"": ""Terrorist organisation"", ""3"": ""Resistance movement"", ""6"": ""Do not know"", ""7"": ""Declined to answer"", ""9"": ""Missing""}",,,1.0,7.0
132,Q720_4,Q720_4.Some view them as resistence movements while others see them as terrorist organisations. Do believe that Al Qaeda- Bin Laden,float64,1229,0,5,"{""1"": ""I haven’t heard of it"", ""2"": ""Terrorist organisation"", ""3"": ""Resistance movement"", ""6"": ""Do not know"", ""7"": ""Declined to answer"", ""9"": ""Missing""}",,,1.0,7.0
133,Q720_5,Q720_5.Some view them as resistence movements while others see them as terrorist organisations. Do believe that Lebanese Phalanges Party/ Kataeb Party,float64,0,1229,0,"{""1"": ""I haven’t heard of it"", ""2"": ""Terrorist organisation"", ""3"": ""Resistance movement"", ""6"": ""Do not know"", ""7"": ""Declined to answer"", ""9"": ""Missing""}",,,,
134,Q720_6,Q720_6.Some view them as resistence movements while others see them as terrorist organisations. Do believe that Progressive Socialist Party,float64,0,1229,0,"{""1"": ""I haven’t heard of it"", ""2"": ""Terrorist organisation"", ""3"": ""Resistance movement"", ""6"": ""Do not know"", ""7"": ""Declined to answer"", ""9"": ""Missing""}",,,,
135,Q720_7,Q720_7.Some view them as resistence movements while others see them as terrorist organisations. Do believe that The Lebanese Forces,float64,0,1229,0,"{""1"": ""I haven’t heard of it"", ""2"": ""Terrorist organisation"", ""3"": ""Resistance movement"", ""6"": ""Do not know"", ""7"": ""Declined to answer"", ""9"": ""Missing""}",,,,
136,Q720_8,Q720_8.Some view them as resistence movements while others see them as terrorist organisations. Do believe that Future Movement,float64,0,1229,0,"{""1"": ""I haven’t heard of it"", ""2"": ""Terrorist organisation"", ""3"": ""Resistance movement"", ""6"": ""Do not know"", ""7"": ""Declined to answer"", ""9"": ""Missing""}",,,,
137,Q721_1,"Q721_1.In your opinion, is The Israeli army/IDF in the West Bank Terrorism” or “justified military action”",float64,1229,0,5,"{""1"": ""Haven’t heard of it"", ""2"": ""Terrorism"", ""3"": ""justified military action"", ""6"": ""Do not know"", ""7"": ""Declined to answer"", ""9"": ""Missing""}",,,1.0,7.0
138,Q721_2,"Q721_2.In your opinion, is The US armed forces in Iraq Terrorism” or “justified military action”",float64,1229,0,5,"{""1"": ""Haven’t heard of it"", ""2"": ""Terrorism"", ""3"": ""justified military action"", ""6"": ""Do not know"", ""7"": ""Declined to answer"", ""9"": ""Missing""}",,,1.0,7.0
139,Q721_3,"Q721_3.In your opinion, is The US armed forces in Afghanistan Terrorism” or “justified military action”",float64,1229,0,5,"{""1"": ""Haven’t heard of it"", ""2"": ""Terrorism"", ""3"": ""justified military action"", ""6"": ""Do not know"", ""7"": ""Declined to answer"", ""9"": ""Missing""}",,,1.0,7.0
140,Q722_1,"Q722_1.Would you class The Israeli invasion of Gaza December-January 2009 regardless of who committed them, as Justified military/resistence action or an act of Terrorism  ?",float64,1229,0,5,"{""1"": ""Haven’t heard of it"", ""2"": ""Act of Terrorism"", ""3"": ""Justified military/resistence action"", ""6"": ""Do not know"", ""7"": ""Declined to answer"", ""9"": ""Missing""}",,,1.0,7.0
141,Q722_2,"Q722_2.Would you class The Israeli invasion of Lebanon in 2006 regardless of who committed them, as Justified military/resistence action or an act of Terrorism  ?",float64,1229,0,5,"{""1"": ""Haven’t heard of it"", ""2"": ""Act of Terrorism"", ""3"": ""Justified military/resistence action"", ""6"": ""Do not know"", ""7"": ""Declined to answer"", ""9"": ""Missing""}",,,1.0,7.0
142,Q722_3,"Q722_3.Would you class The destruction of the World Trade Towers in New York on 11 September 2001 regardless of who committed them, as Justified military/resistence action or an act of Terrorism  ?",float64,1229,0,5,"{""1"": ""Haven’t heard of it"", ""2"": ""Act of Terrorism"", ""3"": ""Justified military/resistence action"", ""6"": ""Do not know"", ""7"": ""Declined to answer"", ""9"": ""Missing""}",,,1.0,7.0
143,Q722_4,"Q722_4.Would you class Military operations against settlements and settlers in the West Bank regardless of who committed them, as Justified military/resistence action or an act of Terrorism  ?",float64,1229,0,5,"{""1"": ""Haven’t heard of it"", ""2"": ""Act of Terrorism"", ""3"": ""Justified military/resistence action"", ""6"": ""Do not know"", ""7"": ""Declined to answer"", ""9"": ""Missing""}",,,1.0,7.0
144,Q722_5,"Q722_5.Would you class Operations against Israeli Civilians in the Israeli interior regardless of who committed them, as Justified military/resistence action or an act of Terrorism  ?",float64,1229,0,5,"{""1"": ""Haven’t heard of it"", ""2"": ""Act of Terrorism"", ""3"": ""Justified military/resistence action"", ""6"": ""Do not know"", ""7"": ""Declined to answer"", ""9"": ""Missing""}",,,1.0,7.0
145,Q722_6,"Q722_6.Would you class Israeli killings of Palestinians in the West Bank and Gaza regardless of who committed them, as Justified military/resistence action or an act of Terrorism  ?",float64,1229,0,5,"{""1"": ""Haven’t heard of it"", ""2"": ""Act of Terrorism"", ""3"": ""Justified military/resistence action"", ""6"": ""Do not know"", ""7"": ""Declined to answer"", ""9"": ""Missing""}",,,1.0,7.0
146,Q722_7,"Q722_7.Would you class The US military operations in Iraq regardless of who committed them, as Justified military/resistence action or an act of Terrorism  ?",float64,1229,0,5,"{""1"": ""Haven’t heard of it"", ""2"": ""Act of Terrorism"", ""3"": ""Justified military/resistence action"", ""6"": ""Do not know"", ""7"": ""Declined to answer"", ""9"": ""Missing""}",,,1.0,7.0
147,Q722_8,"Q722_8.Would you class Explosions targeting civilians in Iraq regardless of who committed them, as Justified military/resistence action or an act of Terrorism  ?",float64,1229,0,5,"{""1"": ""Haven’t heard of it"", ""2"": ""Act of Terrorism"", ""3"": ""Justified military/resistence action"", ""6"": ""Do not know"", ""7"": ""Declined to answer"", ""9"": ""Missing""}",,,1.0,7.0
148,Q809,Q809.Did you support or oppose the overthrow of Zine El Abidine Ben Ali through popular protest?,float64,1229,0,4,"{""1"": ""support"", ""2"": ""oppose"", ""6"": ""Do not know"", ""7"": ""Declined to answer"", ""9"": ""Missing""}",,,1.0,7.0
149,Q810,"Q810.In your opinion, what was the most important reason for the popular revolution in Tunisia and the overthrow of Ben Ali?",float64,1229,0,12,"{""1"": ""Economic deprivation"", ""2"": ""Corruption"", ""3"": ""Dictatorship/Tyranny/Authoritarianism"", ""4"": ""Supression of freedoms and violation of people’s rights"", ""5"": ""Opression and lack of justice"", ""6"": ""The will of the people"", ""7"": ""Monopoly/domination over authority and absence of political plurality"", ""8"": ""Bad administration"", ""9"": ""Mohamed Bouazizi"", ""10"": ""Foreign interference"", ""9992"": ""reasons Other"", ""9996"": ""Do not know"", ""9997"": ""Declined to answer"", ""9999"": ""Missing""}",,,1.0,9996.0
150,Q811,Q811.Did you support or oppose the overthrow of Egyptian president Hosni Mobarak through popoular protest?,float64,1229,0,4,"{""1"": ""Support"", ""2"": ""Oppose"", ""6"": ""Do not know"", ""7"": ""Declined to answer"", ""9"": ""Missing""}",,,1.0,7.0
151,Q812,"Q812.In your opinion, what was the most important reason for the popular revolution in Egypt and the overthrow of Mobarak?",float64,1229,0,14,"{""1"": ""Economic deprivation"", ""2"": ""Corruption"", ""3"": ""Dictatorship/Tyranny/Authoritarianism"", ""4"": ""Supression of freedoms and violation of people’s rights"", ""5"": ""Oppression and lack of justice"", ""6"": ""The will of the people"", ""7"": ""Monopoly/domination over authority and absence of political plurality"", ""8"": ""Bad administration"", ""9"": ""Foreign interference"", ""10"": ""Subservience to the west"", ""11"": ""The Tunisian revolution"", ""9992"": ""reasons Other"", ""9996"": ""Do not know"", ""9997"": ""Declined to answer"", ""9999"": ""Missing""}",,,1.0,9997.0
152,QPal14,"QPal14.In your opinion, will the fall of the Mubarak regime in Egypt have a positive or negative impact on the Palestinian cause?",float64,0,1229,0,"{""1"": ""It will have a positive impact"", ""2"": ""It will have a negative impact"", ""6"": ""Do not know"", ""7"": ""Declined to answer"", ""9"": ""Missing""}",,,,
153,QTUN8,"QTUN8.Do you think that the  economic situation  is better now, is it as it was, or worse than it was under Zine El Abidine Ben Ali?",float64,1229,0,5,"{""1"": ""better now"", ""2"": ""as it was"", ""3"": ""worse"", ""7"": ""Do not know"", ""8"": ""Declined to answer"", ""9"": ""Missing""}",,,1.0,8.0
154,QTUN9,"QTUN9.Do you think that the  security situation  is better now, is it as it was, or worse than it was under Zine El Abidine Ben Ali?",float64,1229,0,4,"{""1"": ""better now"", ""2"": ""as it was"", ""3"": ""worse"", ""7"": ""Do not know"", ""8"": ""Declined to answer"", ""9"": ""Missing""}",,,1.0,7.0
155,QTUN10,"QTUN10.Do you think that Tunisia will be better, as it was, or worse than it was under Zine El Abidine Ben Ali?",float64,1229,0,4,"{""1"": ""better now"", ""2"": ""as it was"", ""3"": ""worse"", ""7"": ""Do not know"", ""8"": ""Declined to answer"", ""9"": ""Missing""}",,,1.0,7.0
156,QTUN11_1,QTUN11_1.Do you support or oppose popular revolutions in Yemen,float64,1229,0,3,"{""1"": ""Support"", ""2"": ""Oppose"", ""7"": ""Do not know"", ""8"": ""Declined to answer"", ""9"": ""Missing""}",,,1.0,7.0
157,QTUN11_2,QTUN11_2.Do you support or oppose popular revolutions in Libya,float64,1229,0,3,"{""1"": ""Support"", ""2"": ""Oppose"", ""7"": ""Do not know"", ""8"": ""Declined to answer"", ""9"": ""Missing""}",,,1.0,7.0
158,QTUN11_3,QTUN11_3.Do you support or oppose popular revolutions in Syria,float64,1229,0,3,"{""1"": ""Support"", ""2"": ""Oppose"", ""7"": ""Do not know"", ""8"": ""Declined to answer"", ""9"": ""Missing""}",,,1.0,7.0
159,QSUD12,QSUD12.Do you agree with the secession of South Sudan?,float64,0,1229,0,"{""1"": ""Agree"", ""2"": ""Disagree"", ""7"": ""Don’t know"", ""8"": ""Decline to answer"", ""9"": ""Missing""}",,,,
160,QSUD13,QSUD13.Do you think this secession will…,float64,0,1229,0,"{""1"": ""Have a positive impact on the future of northern Sudan"", ""2"": ""Have a negative impact on the future of northern Sudan"", ""3"": ""Have no impact on the future of northern Sudan"", ""7"": ""Don’t know"", ""8"": ""Decline to answer"", ""9"": ""Missing""}",,,,
161,QSUD14,QSUD14.Do you support the establishment of a future union between the southern and northern states?,float64,0,1229,0,"{""1"": ""Support the establishment of a future union between the southern and northern states"", ""2"": ""Oppose the establishment of a future union between the southern and northern states"", ""7"": ""Don’t know"", ""8"": ""Decline to answer"", ""9"": ""Missing""}",,,,
162,QSUD15,"QSUD15.In your opinion, will the secession of the south encourage other regions in Sudan to demand secession?",float64,0,1229,0,"{""1"": ""Yes"", ""2"": ""No"", ""7"": ""Don’t know"", ""8"": ""Decline to answer"", ""9"": ""Missing""}",,,,
163,QSUD16,QSUD16.Do you expect the secession of the south to create a stable and secure state?,float64,0,1229,0,"{""1"": ""Yes"", ""2"": ""No"", ""7"": ""Don’t know"", ""8"": ""Decline to answer"", ""9"": ""Missing""}",,,,
164,QSUD17,QSUD17.Do you expect the secession to lead to economic prosperity in the south more than the north?,float64,0,1229,0,"{""1"": ""Yes"", ""2"": ""No"", ""7"": ""Don’t know"", ""8"": ""Decline to answer"", ""9"": ""Missing""}",,,,
165,QSUD18_1,"QSUD18_1.In your opinion, who is responsible for the secession of the south The popular movement",float64,0,1229,0,"{""1"": ""Bears responsibility"", ""2"": ""Doesn’t bear responsibility"", ""7"": ""Don’t know"", ""8"": ""Decline to answer"", ""9"": ""Missing""}",,,,
166,QSUD18_2,"QSUD18_2.In your opinion, who is responsible for the secession of the south The National Congress",float64,0,1229,0,"{""1"": ""Bears responsibility"", ""2"": ""Doesn’t bear responsibility"", ""7"": ""Don’t know"", ""8"": ""Decline to answer"", ""9"": ""Missing""}",,,,
167,QSUD18_3,"QSUD18_3.In your opinion, who is responsible for the secession of the south Successive Saudi Arabian governments",float64,0,1229,0,"{""1"": ""Bears responsibility"", ""2"": ""Doesn’t bear responsibility"", ""7"": ""Don’t know"", ""8"": ""Decline to answer"", ""9"": ""Missing""}",,,,
168,QSUD18_4,"QSUD18_4.In your opinion, who is responsible for the secession of the south USA and Israel",float64,0,1229,0,"{""1"": ""Bears responsibility"", ""2"": ""Doesn’t bear responsibility"", ""7"": ""Don’t know"", ""8"": ""Decline to answer"", ""9"": ""Missing""}",,,,
169,QSUD18_5,"QSUD18_5.In your opinion, who is responsible for the secession of the south Arab countries",float64,0,1229,0,"{""1"": ""Bears responsibility"", ""2"": ""Doesn’t bear responsibility"", ""7"": ""Don’t know"", ""8"": ""Decline to answer"", ""9"": ""Missing""}",,,,
170,QSUD19,QSUD19.Which of these parties bears the most responsibility?,float64,0,1229,0,"{""1"": ""The popular movement"", ""2"": ""The National Congress"", ""3"": ""Successive Saudi Arabian governments"", ""4"": ""USA and Israel"", ""5"": ""Arab countries"", ""7"": ""Don’t know"", ""8"": ""Decline to answer"", ""9"": ""Missing""}",,,,
171,QEg15,"QEg15.Compared to the Mubarak era, do you believe that the economic situation now is better, the same, or worse?",float64,0,1229,0,"{""1"": ""Better"", ""2"": ""The same"", ""3"": ""Worse"", ""7"": ""Do not know"", ""8"": ""Declined to answer"", ""9"": ""Missing""}",,,,
172,QEg16,"QEg16.Compared to the Mubarak era, do you believe that the security situation now is better, the same, or worse?",float64,0,1229,0,"{""1"": ""Better"", ""2"": ""The same"", ""3"": ""Worse"", ""7"": ""Do not know"", ""8"": ""Declined to answer"", ""9"": ""Missing""}",,,,
173,QEg17,"QEg17.Compared to the Mubarak era, do you believe that in the next 30 years Egypt will become better, stay the same, or get worse?",float64,0,1229,0,"{""1"": ""Better"", ""2"": ""The same"", ""3"": ""Worse"", ""7"": ""Do not know"", ""8"": ""Declined to answer"", ""9"": ""Missing""}",,,,
174,QEg18,"QEg18.In your opinion, who is likely to win the largest vote share in the coming elections?",float64,0,1229,0,"{""1"": ""Amr Moussa"", ""2"": ""Issam Sharaf"", ""3"": ""Hamdeen Sabahi"", ""4"": ""Hisham Bastawisy"", ""5"": ""Ahmed Zewail"", ""6"": ""Mohamed Hussein Tantawi"", ""7"": ""Mohamed ElBaradei"", ""8"": ""Ahmed Shafiq"", ""9992"": ""Other"", ""9996"": ""Do not know"", ""9997"": ""Declined to answer"", ""9999"": ""Missing""}",,,,
175,QEg19,QEg19.Did you participate in the Revolution?,float64,0,1229,0,"{""1"": ""Yes"", ""2"": ""No"", ""7"": ""Do not know"", ""8"": ""Declined to answer"", ""9"": ""Missing""}",,,,
176,QEg20_1,QEg20_1.Did you participate in any of the Demonstrations in Tahrir Square/other squares in the provinces,float64,0,1229,0,"{""1"": ""Yes"", ""2"": ""No"", ""7"": ""Do not know"", ""8"": ""Declined to answer""}",,,,
177,QEg20_2,QEg20_2.Did you participate in any of the Protected demonstrators,float64,0,1229,0,"{""1"": ""Yes"", ""2"": ""No"", ""7"": ""Do not know"", ""8"": ""Declined to answer""}",,,,
178,QEg20_3,QEg20_3.Did you participate in any of the Provided demonstrators with food and water,float64,0,1229,0,"{""1"": ""Yes"", ""2"": ""No"", ""7"": ""Do not know"", ""8"": ""Declined to answer""}",,,,
179,QEg20_4,QEg20_4.Did you participate in any of the Popular committees to protect neighbourhoods,float64,0,1229,0,"{""1"": ""Yes"", ""2"": ""No"", ""7"": ""Do not know"", ""8"": ""Declined to answer""}",,,,
180,QEg20_5,QEg20_5.Did you participate in any of the Distributing information and publications,float64,0,1229,0,"{""1"": ""Yes"", ""2"": ""No"", ""7"": ""Do not know"", ""8"": ""Declined to answer""}",,,,
181,QEg20_6,"QEg20_6.Did you participate in any of the Writing on the internet (e.g. Facebook, Twitter)",float64,0,1229,0,"{""1"": ""Yes"", ""2"": ""No"", ""7"": ""Do not know"", ""8"": ""Declined to answer""}",,,,
182,QEg20_7,"QEg20_7.Did you participate in any of the Organisational activity around protests, e.g. transport of protesters",float64,0,1229,0,"{""1"": ""Yes"", ""2"": ""No"", ""7"": ""Do not know"", ""8"": ""Declined to answer""}",,,,
183,QEg21,QEg21.Did any member of your family participate in the Revolution?,float64,0,1229,0,"{""1"": ""Yes"", ""2"": ""No"", ""7"": ""Do not know"", ""8"": ""Declined to answer"", ""9"": ""Missing""}",,,,
184,QJO1,QJO1.Are you for or against Jordan joining the Gulf Cooperation Council (GCC)?,float64,0,1229,0,"{""1"": ""Agree"", ""2"": ""Disagree"", ""7"": ""Do not know"", ""8"": ""Declined to answer"", ""9"": ""Missing""}",,,,
185,QJO2,"QJO2.Your position on whether it would be a good thing aside, do you think that Jordan will join the GCC in the next three years?",float64,0,1229,0,"{""1"": ""Yes"", ""2"": ""No"", ""7"": ""Do not know"", ""8"": ""Declined to answer"", ""9"": ""Missing""}",,,,
186,QYE16,QYE16.Are you in favour of or against President Saleh’s decision to stand down?,float64,0,1229,0,"{""1"": ""Agree"", ""2"": ""Disagree"", ""7"": ""Do not know"", ""8"": ""Declined to answer"", ""9"": ""Missing""}",,,,
187,Q1201,Q1201.Age,float64,1229,0,5,"{""1"": ""18 – 24"", ""2"": ""25 – 34"", ""3"": ""35 – 44"", ""4"": ""45-54"", ""5"": ""55 or older"", ""97"": ""Decline to answer""}",,,1.0,5.0
188,Q1202,Q1202.Gender,float64,1229,0,2,"{""1"": ""Male"", ""2"": ""Female""}",,,1.0,2.0
189,Q1205,Q1205.Marital status,float64,1229,0,4,"{""1"": ""Single"", ""2"": ""Married"", ""3"": ""Divorced"", ""4"": ""Widowed"", ""97"": ""Declined to answer"", ""99"": ""Missing""}",,,1.0,97.0
190,Q1206,Q1206.Educational level,float64,1229,0,5,"{""1"": ""Illiterate/limited"", ""2"": ""Less than secondary"", ""3"": ""Secondary"", ""4"": ""Higher than secondary"", ""97"": ""Decline to answer""}",,,1.0,97.0
191,Q1207,Q1207.Work and employment,float64,1229,0,5,"{""1"": ""Working"", ""2"": ""Looking for work"", ""3"": ""Not looking for work"", ""4"": ""Housewife"", ""5"": ""Student"", ""6"": ""Retired"", ""7"": ""Has non-work related income"", ""8"": ""Disabled/ill"", ""10"": ""Unemployed"", ""11"": ""Not working, conscript"", ""12"": ""Not working, unpaid holiday"", ""97"": ""Decline to answer""}",,,1.0,6.0
192,Q1210,Q1210.How much is the monthly household income in the local currency?,float64,1229,0,78,"{""9999995"": ""can not to specified"", ""9999996"": ""Do not know"", ""9999997"": ""Declined to answer"", ""9999998"": ""There is no income"", ""9999999"": ""Missing""}",,,100.0,9999998.0
193,Q1211,Q1211.Please indicate which of the following expressions most accurately describes your household income.,float64,1229,0,5,"{""1"": ""Our household income meets our requirements and we are able to save"", ""2"": ""Our household income meets our requirements and we are unable to save"", ""3"": ""Our household income does not cover our requirements and we have difficulty paying for necessities"", ""6"": ""Do not know"", ""7"": ""Declined to answer""}",,,1.0,7.0
194,Q1213,Q1213.The shortfall is typically met by:,float64,439,790,7,"{""1"": ""Assistance from within (name of country)"", ""2"": ""Transfers from outside (name of country)"", ""3"": ""Borrowng"", ""4"": ""Additional work"", ""5"": ""Other"", ""7"": ""Do not know"", ""8"": ""Decline to answer"", ""9"": ""Missing""}",,,1.0,9998.0
195,Q1214,"Q1214.On average, how much are the household’s monthly outgoings in the local currency",float64,1229,0,55,"{""9999995"": ""can not to specified"", ""9999996"": ""Do not know"", ""9999997"": ""Declined to answer"", ""9999998"": ""There are no expenses"", ""9999999"": ""Missing""}",,,100.0,9999998.0
196,Weight,Weight.Weight,float64,1229,0,448,,,,0.055519481,5.305519481
