position,variable,label,storage_type,n_valid,n_missing,n_distinct,value_labels,observed_values,min,max
1,qid,,int64,1200,0,1200,,,210001.0,211200.0
2,country,,str,1200,0,1,,"[""Tunisia""]",,
3,sample,,str,0,1200,0,,,,
4,stratum,,int64,1200,0,46,,,21001.0,21046.0
5,psu,,int64,1200,0,150,,,21001.0,21150.0
6,wt,,float64,1199,1,20,,,0.764038964239971,1.394396358407306
7,a1,,str,0,1200,0,,,,
8,q1,,str,1200,0,24,,"[""Ariana"", ""Beja"", ""Ben Arous"", ""Bizerte"", ""Gabes"", ""Gafsa"", ""Jendouba"", ""Kairouan"", ""Kasserine"", ""Kebili"", ""Kef"", ""Mahdia"", ""Manouba"", ""Mednine"", ""Monastir"", ""Nabeul"", ""Seliana"", ""Sfax"", ""Sidi Bouzid"", ""Sousse"", ""Tatouine"", ""Tozeur"", ""Tunis"", ""Zaghouan""]",,
9,q2,,str,1200,0,136,,,,
10,q13,,str,1200,0,2,,"[""Rural"", ""Urban""]",,
11,q101,,str,1200,0,5,,"[""Bad"", ""Don't know (Do not read)"", ""Good"", ""Very bad"", ""Very good""]",,
12,q101a,,str,1200,0,6,,"[""Almost the same as the current situation"", ""Don't know (Do not read)"", ""Much better"", ""Much worse"", ""Somewhat better"", ""Somewhat worse""]",,
13,q102,,str,1200,0,7,,"[""Almost the same as the current situation"", ""Decline to answer (Do not read)"", ""Don't know (Do not read)"", ""Much better"", ""Much worse"", ""Somewhat better"", ""Somewhat worse""]",,
14,q102b,,str,1200,0,6,,"[""Bad"", ""Decline to answer (Do not read)"", ""Don't know (Do not read)"", ""Good"", ""Very bad"", ""Very good""]",,
15,q103,,str,1200,0,4,,"[""Decline to answer (Do not read)"", ""Don't know (Do not read)"", ""Most people are not trustworthy"", ""Most people are trustworthy""]",,
16,q103a1,,str,1200,0,6,,"[""Don't know (Do not read)"", ""Neither agree nor disagree"", ""Somewhat agree"", ""Somewhat disagree"", ""Strongly agree"", ""Strongly disagree""]",,
17,q103a2,,str,1200,0,7,,"[""Decline to answer (Do not read)"", ""Don't know (Do not read)"", ""Neither agree nor disagree"", ""Somewhat agree"", ""Somewhat disagree"", ""Strongly agree"", ""Strongly disagree""]",,
18,q103a3,,str,1200,0,7,,"[""Decline to answer (Do not read)"", ""Don't know (Do not read)"", ""Neither agree nor disagree"", ""Somewhat agree"", ""Somewhat disagree"", ""Strongly agree"", ""Strongly disagree""]",,
19,q103a4,,str,1200,0,6,,"[""Don't know (Do not read)"", ""Neither agree nor disagree"", ""Somewhat agree"", ""Somewhat disagree"", ""Strongly agree"", ""Strongly disagree""]",,
20,q103a5,,str,1200,0,6,,"[""Don't know (Do not read)"", ""Neither agree nor disagree"", ""Somewhat agree"", ""Somewhat disagree"", ""Strongly agree"", ""Strongly disagree""]",,
21,q103a6,,str,1200,0,5,,"[""Neither agree nor disagree"", ""Somewhat agree"", ""Somewhat disagree"", ""Strongly agree"", ""Strongly disagree""]",,
22,q104,,str,1200,0,2,,"[""No"", ""Yes""]",,
23,q104a,,str,269,931,5,,"[""Decline to answer (Do not read)"", ""For economic and political reasons"", ""For economic reasons"", ""For other reasons"", ""For political reasons""]",,
24,q104aother,,str,31,1169,11,,"[""Education"", ""I just want to leave"", ""I want to visit other countries"", ""Peace of mind"", ""Religious considerations"", ""Security"", ""Social reasons"", ""The situation in Tunisia is very bad"", ""To be with family"", ""To discover other cultures"", ""To marry a foreign spouse""]",,
25,q104ksa,,str,269,931,2,,"[""Mentioned"", ""Not mentioned""]",,
26,q104gcc,,str,269,931,2,,"[""Mentioned"", ""Not mentioned""]",,
27,q104arab,,str,269,931,2,,"[""Mentioned"", ""Not mentioned""]",,
28,q104eur,,str,269,931,2,,"[""Mentioned"", ""Not mentioned""]",,
29,q104us,,str,269,931,2,,"[""Mentioned"", ""Not mentioned""]",,
30,q104other,,str,269,931,10,,"[""All the world"", ""Angola"", ""Argentina"", ""Australia"", ""East Asia (Singapore, Malaysia, Korea)"", ""India"", ""Japan"", ""Malaysia"", ""Not mentioned"", ""Turkey""]",,
31,q105,,str,1200,0,6,,"[""Absolutely not ensured"", ""Decline to answer (Do not read)"", ""Don't know (Do not read)"", ""Ensured"", ""Fully ensured"", ""Not ensured""]",,
32,q106,,str,1200,0,6,,"[""Decline to answer (Do not read)"", ""Don't know (Do not read)"", ""Not treated equally at all"", ""To a great extent"", ""To a limited extent"", ""To a medium extent""]",,
33,q1071,,str,1200,0,6,,"[""Don't know (Do not read)"", ""Much"", ""Not applicable"", ""Not at all"", ""Not much"", ""Very much""]",,
34,q1072,,str,1200,0,6,,"[""Don't know (Do not read)"", ""Much"", ""Not applicable"", ""Not at all"", ""Not much"", ""Very much""]",,
35,q1074,,str,1200,0,5,,"[""Much"", ""Not applicable"", ""Not at all"", ""Not much"", ""Very much""]",,
36,q2011,,str,1200,0,6,,"[""A great deal of trust"", ""Decline to answer (Do not read)"", ""Don't know (Do not read)"", ""No trust at all"", ""Not very much trust"", ""Quite a lot of trust""]",,
37,q2012,,str,1200,0,6,,"[""A great deal of trust"", ""Decline to answer (Do not read)"", ""Don't know (Do not read)"", ""No trust at all"", ""Not very much trust"", ""Quite a lot of trust""]",,
38,q2013,,str,1200,0,6,,"[""A great deal of trust"", ""Decline to answer (Do not read)"", ""Don't know (Do not read)"", ""No trust at all"", ""Not very much trust"", ""Quite a lot of trust""]",,
39,q2014,,str,1200,0,6,,"[""A great deal of trust"", ""Decline to answer (Do not read)"", ""Don't know (Do not read)"", ""No trust at all"", ""Not very much trust"", ""Quite a lot of trust""]",,
40,q2015,,str,0,1200,0,,,,
41,q2016,,str,1200,0,6,,"[""A great deal of trust"", ""Decline to answer (Do not read)"", ""Don't know (Do not read)"", ""No trust at all"", ""Not very much trust"", ""Quite a lot of trust""]",,
42,q20112,,str,1200,0,6,,"[""A great deal of trust"", ""Decline to answer (Do not read)"", ""Don't know (Do not read)"", ""No trust at all"", ""Not very much trust"", ""Quite a lot of trust""]",,
43,q20113,,str,1200,0,6,,"[""A great deal of trust"", ""Decline to answer (Do not read)"", ""Don't know (Do not read)"", ""No trust at all"", ""Not very much trust"", ""Quite a lot of trust""]",,
44,q20120,,str,1200,0,6,,"[""A great deal of trust"", ""Decline to answer (Do not read)"", ""Don't know (Do not read)"", ""No trust at all"", ""Not very much trust"", ""Quite a lot of trust""]",,
45,q201a1,,str,0,1200,0,,,,
46,q201a2,,str,0,1200,0,,,,
47,q201a3,,str,0,1200,0,,,,
48,q201a4,,str,0,1200,0,,,,
49,q202,,str,1200,0,5,,"[""Don't know (Do not read)"", ""No"", ""No, definitely not"", ""Yes"", ""Yes, definitely""]",,
50,q204a1,,str,1200,0,6,,"[""Decline to answer (Do not read)"", ""Definitely dissatisfied"", ""Definitely satisfied"", ""Dissatisfied"", ""Don't know (Do not read)"", ""Satisfied""]",,
51,q204a2,,str,1200,0,5,,"[""Definitely dissatisfied"", ""Definitely satisfied"", ""Dissatisfied"", ""Don't know (Do not read)"", ""Satisfied""]",,
52,q2041,,str,1200,0,6,,"[""Bad"", ""Don't know (Do not read)"", ""Good"", ""This is not the government’s responsibility (Do not read)"", ""Very bad"", ""Very good""]",,
53,q2042,,str,1200,0,6,,"[""Bad"", ""Don't know (Do not read)"", ""Good"", ""This is not the government’s responsibility (Do not read)"", ""Very bad"", ""Very good""]",,
54,q2043,,str,1200,0,7,,"[""Bad"", ""Decline to answer (Do not read)"", ""Don't know (Do not read)"", ""Good"", ""This is not the government’s responsibility (Do not read)"", ""Very bad"", ""Very good""]",,
55,q2044,,str,1200,0,6,,"[""Bad"", ""Decline to answer (Do not read)"", ""Don't know (Do not read)"", ""Good"", ""Very bad"", ""Very good""]",,
56,q20420,,str,1200,0,6,,"[""Bad"", ""Don't know (Do not read)"", ""Good"", ""This is not the government’s responsibility (Do not read)"", ""Very bad"", ""Very good""]",,
57,q20421,,str,1200,0,6,,"[""Bad"", ""Don't know (Do not read)"", ""Good"", ""This is not the government’s responsibility (Do not read)"", ""Very bad"", ""Very good""]",,
58,q20422,,str,1200,0,7,,"[""Bad"", ""Decline to answer (Do not read)"", ""Don't know (Do not read)"", ""Good"", ""This is not the government’s responsibility (Do not read)"", ""Very bad"", ""Very good""]",,
59,q2061,,str,1200,0,9,,"[""Decline to answer (Do not read)"", ""Democracy"", ""Don't know (Do not read)"", ""Economic situation (poverty; unemployment, inflation)"", ""Financial and administrative corruption"", ""Foreign interference"", ""Internal stability and security"", ""Other"", ""Religious extremism""]",,
60,q2061other,,str,59,1141,7,,"[""Building greater confidence between the citizen and the government"", ""Education"", ""ISIS"", ""Pollution"", ""Reforming society"", ""Taking Control of our natural resources"", ""Terrorism""]",,
61,q2062,,str,1191,9,8,,"[""Democracy"", ""Don't know (Do not read)"", ""Economic situation (poverty; unemployment, inflation)"", ""Financial and administrative corruption"", ""Foreign interference"", ""Internal stability and security"", ""Other"", ""Religious extremism""]",,
62,q2062other,,str,34,1166,9,,"[""Building greater confidence between the citizen and the government"", ""Civil war in Tunisia"", ""Education"", ""Health care"", ""Lack of religious principles"", ""Libya"", ""Nothing else"", ""Terrorism"", ""The political conflict in Tunisia""]",,
63,q210,,str,1200,0,5,,"[""Don't know (Do not read)"", ""Not at all"", ""To a large extent"", ""To a medium extent"", ""To a small extent""]",,
64,q211,,str,1177,23,6,,"[""Decline to answer (Do not read)"", ""Don't know (Do not read)"", ""Not at all"", ""To a large extent"", ""To a medium extent"", ""To a small extent""]",,
65,q213,,str,1200,0,5,,"[""Don't know (Do not read)"", ""Employment is mostly obtained without connections"", ""Employment is sometimes obtained through connections"", ""I do not know of any relevant experiences"", ""Obtaining employment through connections is extremely widespread""]",,
66,q214,,str,1200,0,3,,"[""Don't know (Do not read)"", ""No"", ""Yes""]",,
67,q216,,str,1200,0,6,,"[""Decline to answer (Do not read)"", ""Don't know (Do not read)"", ""I agree"", ""I disagree"", ""I strongly agree"", ""I strongly disagree""]",,
68,q217,,str,1200,0,4,,"[""Decline to answer (Do not read)"", ""Don't know (Do not read)"", ""No"", ""Yes""]",,
69,q2181,,str,1200,0,5,,"[""Don't know (Do not read)"", ""I agree"", ""I disagree"", ""I strongly agree"", ""I strongly disagree""]",,
70,q2182,,str,1200,0,6,,"[""Decline to answer (Do not read)"", ""Don't know (Do not read)"", ""I agree"", ""I disagree"", ""I strongly agree"", ""I strongly disagree""]",,
71,q2185,,str,1200,0,5,,"[""Don't know (Do not read)"", ""I agree"", ""I disagree"", ""I strongly agree"", ""I strongly disagree""]",,
72,q261a1,,str,1200,0,10,,"[""2"", ""3"", ""4"", ""5"", ""6"", ""Decline to answer (Do not read)"", ""Don't know (Do not read)"", ""Intelligent"", ""Not concerned/not interested"", ""Unintelligent""]",,
73,q261a2,,str,1200,0,10,,"[""2"", ""3"", ""4"", ""5"", ""6"", ""Decline to answer (Do not read)"", ""Dishonest"", ""Don't know (Do not read)"", ""Honest"", ""Not concerned/not interested""]",,
74,q261b1,,str,1200,0,10,,"[""2"", ""3"", ""4"", ""5"", ""6"", ""Decline to answer (Do not read)"", ""Don't know (Do not read)"", ""Intelligent"", ""Not concerned/not interested"", ""Unintelligent""]",,
75,q261b2,,str,1200,0,10,,"[""2"", ""3"", ""4"", ""5"", ""6"", ""Decline to answer (Do not read)"", ""Dishonest"", ""Don't know (Do not read)"", ""Honest"", ""Not concerned/not interested""]",,
76,q263,,str,1200,0,6,,"[""Decline to answer (Do not read)"", ""Don't know (Do not read)"", ""I prefer helping the poor, but if this costs nothing to me"", ""I prefer helping the poor, even at a large personal cost"", ""I prefer helping the poor, even at a small personal cost"", ""I prefer not helping the poor""]",,
77,q264,,str,1188,12,6,,"[""Decline to answer (Do not read)"", ""Don't know (Do not read)"", ""I want to help the poor because I enjoy making those more unfortunate happy"", ""I want to help the poor because I know God will reward me for it in the hereafter"", ""I want to help the poor because I want to make my country and my community better"", ""I want to help the poor because it makes me sad to see people suffer""]",,
78,q265,,str,1200,0,6,,"[""Agree with Statement 1"", ""Agree with both Statements (Do not read)"", ""Agree with neither statement (Do not read)"", ""Agree with statement 2"", ""Decline to answer (Do not read)"", ""Don't know (Do not read)""]",,
79,q301,,str,1200,0,4,,"[""Decline to answer (Do not read)"", ""Don't know (Do not read)"", ""No"", ""Yes""]",,
80,q302,,str,1200,0,2,,"[""No"", ""Yes""]",,
81,q303,,str,1200,0,6,,"[""Completely free and fair"", ""Decline to answer (Do not read)"", ""Don't know (Do not read)"", ""Free and fair, but with minor problems"", ""Free and fair, with major problems"", ""Not free or fair""]",,
82,q403,,str,1200,0,4,,"[""Don't know (Do not read)"", ""Have not tried (Do not read)"", ""No"", ""Yes""]",,
83,q404,,str,1200,0,5,,"[""Don't know (Do not read)"", ""Interested"", ""Not interested at all"", ""Somewhat interested"", ""Very interested""]",,
84,q4061,,str,1200,0,6,,"[""A number of times a month"", ""A number of times a week"", ""Daily"", ""Don't know (Do not read)"", ""I don’t follow it ever"", ""Rarely""]",,
85,q4062,,str,1200,0,6,,"[""A number of times a month"", ""A number of times a week"", ""Daily"", ""Don't know (Do not read)"", ""I don’t follow it ever"", ""Rarely""]",,
86,q409,,str,1200,0,7,,"[""Daily"", ""Don't know (Do not read)"", ""I am online almost all day"", ""I do not use the internet "", ""Less than once a week"", ""Once a week"", ""Several times a week""]",,
87,q4101,,str,528,672,2,,"[""No"", ""Yes""]",,
88,q4102,,str,528,672,2,,"[""No"", ""Yes""]",,
89,q4113,,str,528,672,2,,"[""No"", ""Yes""]",,
90,q4114,,str,528,672,2,,"[""No"", ""Yes""]",,
91,q4116,,str,528,672,2,,"[""No"", ""Yes""]",,
92,q501,,str,1200,0,3,,"[""Don't know (Do not read)"", ""No"", ""Yes""]",,
93,q501b,,str,1200,0,3,,"[""Don't know (Do not read)"", ""No"", ""Yes""]",,
94,q501c,,str,26,1174,10,,"[""Decline to answer (Do not read)"", ""Ennahdha"", ""Haraket Chaab"", ""Haraket El Tounsi"", ""Jabha"", ""Moubedra"", ""Nidaa Tounes"", ""Takatol"", ""Tayar Mahaba"", ""UPL""]",,
95,q5021,,str,1200,0,4,,"[""Don't know (Do not read)"", ""I have never participated"", ""More than once"", ""Once""]",,
96,q5022,,str,1200,0,4,,"[""Don't know (Do not read)"", ""I have never participated"", ""More than once"", ""Once""]",,
97,q503,,str,1200,0,26,,"[""Afek Tounes"", ""CPR"", ""Courant Démocratique"", ""Decline to answer (Do not read)"", ""Don't know (Do not read)"", ""Harak Chaab Mowatinin"", ""Haraket Chaab"", ""Haraket El Tounsi"", ""Haraket Wafa"", ""Jabha"", ""Jomhouri"", ""Massar"", ""Moubedra"", ""Nahdha"", ""Nidaa Tounes"", ""No party"", ""Party Dostouri Horr"", ""Party Mohsen Marzouk"", ""RCD"", ""Rahma"", ""Sawt Falahin"", ""Tahrir"", ""Takatol"", ""Tayar Chaabi"", ""Tayar Mahaba"", ""UPL""]",,
98,q503sy,,str,0,1200,0,,,,
99,q511,,str,1200,0,14,,"[""1"", ""2"", ""3"", ""4"", ""5"", ""6"", ""7"", ""8"", ""9"", ""Complete democracy"", ""Complete dictatorship"", ""Decline to answer (Do not read)"", ""Don't know (Do not read)"", ""Not concerned/not interested""]",,
100,q511leb,,str,0,1200,0,,,,
101,q512,,str,1200,0,14,,"[""1"", ""2"", ""3"", ""4"", ""5"", ""6"", ""7"", ""8"", ""9"", ""Completely appropriate"", ""Completely inappropriate"", ""Decline to answer (Do not read)"", ""Don't know (Do not read)"", ""Not concerned/not interested""]",,
102,q512leb,,str,0,1200,0,,,,
103,q513,,str,1200,0,14,,"[""1"", ""2"", ""3"", ""4"", ""5"", ""6"", ""7"", ""8"", ""9"", ""Completely satisfied"", ""Completely unsatisfied"", ""Decline to answer (Do not read)"", ""Don't know (Do not read)"", ""Not concerned/not interested""]",,
104,q513leb,,str,0,1200,0,,,,
105,q514,,str,1200,0,6,,"[""Decline to answer (Do not read)"", ""Don't know (Do not read)"", ""I agree"", ""I disagree"", ""I strongly agree"", ""I strongly disagree""]",,
106,q515a1,,str,1200,0,6,,"[""Decline to answer (Do not read)"", ""Don't know (Do not read)"", ""Government does not waste any public money"", ""Government narrows the gap between the rich and the poor"", ""People are free to express their political views openly"", ""People choose the government leaders in free and fair elections""]",,
107,q515a2,,str,1200,0,6,,"[""Decline to answer (Do not read)"", ""Don't know (Do not read)"", ""Government ensures job opportunities for all"", ""Government ensures law and order"", ""Media is free to criticize the things government does"", ""Multiple parties compete fairly in the election""]",,
108,q515a3,,str,1200,0,6,,"[""Basic necessities, like food, clothes and shelter, are provided for all"", ""Decline to answer (Do not read)"", ""Don't know (Do not read)"", ""Government provides people with quality public services"", ""People are free to organize political groups"", ""The legislature has oversight over the government""]",,
109,q5161,,str,1200,0,6,,"[""Decline to answer (Do not read)"", ""Don't know (Do not read)"", ""I agree"", ""I disagree"", ""I strongly agree"", ""I strongly disagree""]",,
110,q5162,,str,1200,0,6,,"[""Decline to answer (Do not read)"", ""Don't know (Do not read)"", ""I agree"", ""I disagree"", ""I strongly agree"", ""I strongly disagree""]",,
111,q5163,,str,1200,0,6,,"[""Decline to answer (Do not read)"", ""Don't know (Do not read)"", ""I agree"", ""I disagree"", ""I strongly agree"", ""I strongly disagree""]",,
112,q5164,,str,1200,0,6,,"[""Decline to answer (Do not read)"", ""Don't know (Do not read)"", ""I agree"", ""I disagree"", ""I strongly agree"", ""I strongly disagree""]",,
113,q5165,,str,1200,0,6,,"[""Decline to answer (Do not read)"", ""Don't know (Do not read)"", ""I agree"", ""I disagree"", ""I strongly agree"", ""I strongly disagree""]",,
114,q516a,,str,1200,0,5,,"[""Decline to answer (Do not read)"", ""Democracy is always preferable to any other kind of government"", ""Don't know (Do not read)"", ""For people like me, it does not matter what kind of government we have"", ""Under some circumstances, a non-democratic government can be preferable""]",,
115,q5181,,str,1200,0,6,,"[""Decline to answer (Do not read)"", ""Don't know (Do not read)"", ""Not suitable at all"", ""Somewhat suitable"", ""Suitable"", ""Very suitable""]",,
116,q5182,,str,1200,0,6,,"[""Decline to answer (Do not read)"", ""Don't know (Do not read)"", ""Not suitable at all"", ""Somewhat suitable"", ""Suitable"", ""Very suitable""]",,
117,q5183,,str,1200,0,6,,"[""Decline to answer (Do not read)"", ""Don't know (Do not read)"", ""Not suitable at all"", ""Somewhat suitable"", ""Suitable"", ""Very suitable""]",,
118,q5184,,str,1200,0,6,,"[""Decline to answer (Do not read)"", ""Don't know (Do not read)"", ""Not suitable at all"", ""Somewhat suitable"", ""Suitable"", ""Very suitable""]",,
119,q5185,,str,1200,0,6,,"[""Decline to answer (Do not read)"", ""Don't know (Do not read)"", ""Not suitable at all"", ""Somewhat suitable"", ""Suitable"", ""Very suitable""]",,
120,q5186,,str,1200,0,6,,"[""Decline to answer (Do not read)"", ""Don't know (Do not read)"", ""Not suitable at all"", ""Somewhat suitable"", ""Suitable"", ""Very suitable""]",,
121,q5211,,str,1200,0,5,,"[""Don't know (Do not read)"", ""Guaranteed to a great extent"", ""Guaranteed to a limited extent"", ""Guaranteed to a medium extent"", ""Not guaranteed""]",,
122,q5212,,str,1200,0,5,,"[""Don't know (Do not read)"", ""Guaranteed to a great extent"", ""Guaranteed to a limited extent"", ""Guaranteed to a medium extent"", ""Not guaranteed""]",,
123,q5213,,str,1200,0,6,,"[""Decline to answer (Do not read)"", ""Don't know (Do not read)"", ""Guaranteed to a great extent"", ""Guaranteed to a limited extent"", ""Guaranteed to a medium extent"", ""Not guaranteed""]",,
124,q5214,,str,1200,0,6,,"[""Decline to answer (Do not read)"", ""Don't know (Do not read)"", ""Guaranteed to a great extent"", ""Guaranteed to a limited extent"", ""Guaranteed to a medium extent"", ""Not guaranteed""]",,
125,q5215,,str,1200,0,6,,"[""Decline to answer (Do not read)"", ""Don't know (Do not read)"", ""Guaranteed to a great extent"", ""Guaranteed to a limited extent"", ""Guaranteed to a medium extent"", ""Not guaranteed""]",,
126,q523a,,str,1200,0,4,,"[""Decline to answer (Do not read)"", ""Don't know (Do not read)"", ""No"", ""Yes""]",,
127,q523,,str,1200,0,6,,"[""Completely justified"", ""Decline to answer (Do not read)"", ""Don't know (Do not read)"", ""Not justifiable at all"", ""Not very justified"", ""Somewhat justified""]",,
128,q6011,,str,1200,0,6,,"[""Decline to answer (Do not read)"", ""Don't know (Do not read)"", ""I agree"", ""I disagree"", ""I strongly agree"", ""I strongly disagree""]",,
129,q6012,,str,1200,0,5,,"[""Don't know (Do not read)"", ""I agree"", ""I disagree"", ""I strongly agree"", ""I strongly disagree""]",,
130,q6013,,str,1200,0,5,,"[""Don't know (Do not read)"", ""I agree"", ""I disagree"", ""I strongly agree"", ""I strongly disagree""]",,
131,q6014,,str,1200,0,5,,"[""Don't know (Do not read)"", ""I agree"", ""I disagree"", ""I strongly agree"", ""I strongly disagree""]",,
132,q6018,,str,1200,0,5,,"[""Decline to answer (Do not read)"", ""I agree"", ""I disagree"", ""I strongly agree"", ""I strongly disagree""]",,
133,q60118,,str,1200,0,6,,"[""Decline to answer (Do not read)"", ""Don't know (Do not read)"", ""I agree"", ""I disagree"", ""I strongly agree"", ""I strongly disagree""]",,
134,q6021,,str,1200,0,6,,"[""Don't know (Do not read)"", ""Somewhat dislike"", ""Somewhat like"", ""Strongly dislike"", ""Strongly like"", ""Would not care""]",,
135,q6022,,str,1200,0,6,,"[""Don't know (Do not read)"", ""Somewhat dislike"", ""Somewhat like"", ""Strongly dislike"", ""Strongly like"", ""Would not care""]",,
136,q6023,,str,1200,0,6,,"[""Don't know (Do not read)"", ""Somewhat dislike"", ""Somewhat like"", ""Strongly dislike"", ""Strongly like"", ""Would not care""]",,
137,q6024,,str,1200,0,6,,"[""Don't know (Do not read)"", ""Somewhat dislike"", ""Somewhat like"", ""Strongly dislike"", ""Strongly like"", ""Would not care""]",,
138,q6041,,str,1200,0,5,,"[""Constitute an obstacle to a large degree"", ""Constitute an obstacle to a moderate degree"", ""Constitute an obstacle to a small degree"", ""Decline to answer (Do not read)"", ""Does not constitute an obstacle at all""]",,
139,q6043,,str,1200,0,6,,"[""Constitute an obstacle to a large degree"", ""Constitute an obstacle to a moderate degree"", ""Constitute an obstacle to a small degree"", ""Decline to answer (Do not read)"", ""Does not constitute an obstacle at all"", ""Don't know (Do not read)""]",,
140,q605,,str,1200,0,7,,"[""Decline to answer (Do not read)"", ""Don't know (Do not read)"", ""Laws of our country should be based entirely on the sharia"", ""Laws of our country should be based entirely on the will of the people"", ""Laws of our country should be based equally on sharia and the will of the people"", ""Laws of our country should be based mostly on the sharia"", ""Laws of our country should be based mostly on the will of the people""]",,
141,q605a,,str,1200,0,6,,"[""Decline to answer (Do not read)"", ""Don't know (Do not read)"", ""I agree with the 1st sentence"", ""I agree with the 2nd sentence"", ""I strongly agree with the 1st sentence"", ""I strongly agree with the 2nd sentence""]",,
142,q6061,,str,1200,0,5,,"[""Don't know (Do not read)"", ""I agree"", ""I disagree"", ""I strongly agree"", ""I strongly disagree""]",,
143,q6062,,str,1200,0,6,,"[""Decline to answer (Do not read)"", ""Don't know (Do not read)"", ""I agree"", ""I disagree"", ""I strongly agree"", ""I strongly disagree""]",,
144,q6063,,str,1200,0,6,,"[""Decline to answer (Do not read)"", ""Don't know (Do not read)"", ""I agree"", ""I disagree"", ""I strongly agree"", ""I strongly disagree""]",,
145,q6064,,str,1200,0,6,,"[""Decline to answer (Do not read)"", ""Don't know (Do not read)"", ""I agree"", ""I disagree"", ""I strongly agree"", ""I strongly disagree""]",,
146,q6071,,str,1200,0,6,,"[""Decline to answer (Do not read)"", ""Don't know (Do not read)"", ""I agree"", ""I disagree"", ""I strongly agree"", ""I strongly disagree""]",,
147,q6073,,str,1200,0,6,,"[""Decline to answer (Do not read)"", ""Don't know (Do not read)"", ""I agree"", ""I disagree"", ""I strongly agree"", ""I strongly disagree""]",,
148,q6074,,str,1200,0,6,,"[""Decline to answer (Do not read)"", ""Don't know (Do not read)"", ""I agree"", ""I disagree"", ""I strongly agree"", ""I strongly disagree""]",,
149,q6076,,str,1200,0,6,,"[""Decline to answer (Do not read)"", ""Don't know (Do not read)"", ""I agree"", ""I disagree"", ""I strongly agree"", ""I strongly disagree""]",,
150,q6077,,str,1200,0,6,,"[""Decline to answer (Do not read)"", ""Don't know (Do not read)"", ""I agree"", ""I disagree"", ""I strongly agree"", ""I strongly disagree""]",,
151,aid1a,,str,1200,0,2,,"[""No"", ""Yes""]",,
152,aid1a1,,str,81,1119,2,,"[""No"", ""Yes""]",,
153,aid1a2,,str,81,1119,2,,"[""No"", ""Yes""]",,
154,aid1b1num,,str,17,1183,1,,"[""Did not participate""]",,
155,aid1b1sci,,str,17,1183,1,,"[""Did not participate""]",,
156,aid1b1comp,,str,17,1183,2,,"[""Did not participate"", ""Participated""]",,
157,aid1b1lang,,str,17,1183,2,,"[""Did not participate"", ""Participated""]",,
158,aid1b1life,,str,17,1183,2,,"[""Did not participate"", ""Participated""]",,
159,aid1b1soc,,str,17,1183,2,,"[""Did not participate"", ""Participated""]",,
160,aid1b1lit,,str,17,1183,1,,"[""Did not participate""]",,
161,aid1b1other,,str,17,1183,7,,"[""Aluminum products"", ""Did not participate"", ""Hair cutting"", ""Mechanics"", ""Mechanics and electrical"", ""Plumbing"", ""Welding""]",,
162,aid1b1dk,,str,17,1183,1,,"[""Did not participate""]",,
163,aid1b2num,,str,72,1128,2,,"[""Did not participate"", ""Participated""]",,
164,aid1b2sci,,str,72,1128,2,,"[""Did not participate"", ""Participated""]",,
165,aid1b2comp,,str,72,1128,2,,"[""Did not participate"", ""Participated""]",,
166,aid1b2lang,,str,72,1128,2,,"[""Did not participate"", ""Participated""]",,
167,aid1b2life,,str,72,1128,2,,"[""Did not participate"", ""Participated""]",,
168,aid1b2soc,,str,72,1128,2,,"[""Did not participate"", ""Participated""]",,
169,aid1b2lit,,str,72,1128,2,,"[""Did not participate"", ""Participated""]",,
170,aid1b2other,,str,72,1128,1,,"[""0""]",,
171,aid1b2dk,,str,72,1128,2,,"[""Did not participate"", ""Participated""]",,
172,aid1c,,str,81,1119,4,,"[""A private institution"", ""Don't know (Do not read)"", ""Organizations or agencies (NGOs, etc.)"", ""Other""]",,
173,aid1cother,,str,1,1199,1,,"[""Teacher""]",,
174,aid2,,str,1200,0,5,,"[""Don't know (Do not read)"", ""Not satisfied"", ""Not satisfied at all"", ""Satisfied"", ""Very satisfied""]",,
175,aid31,,str,1200,0,10,,"[""Decline to answer (Do not read)"", ""Don't know (Do not read)"", ""Other"", ""To acquire a new skill for a job"", ""To acquire a new skill for a personal interest"", ""To further an interest"", ""To make a better person"", ""To meet people"", ""Working for a degree / a certificate"", ""Working for other qualification""]",,
176,aid31other,,str,17,1183,6,,"[""Did not succeed in the official program"", ""Religious reasons (to study Islam)"", ""The level of the student was very weak"", ""The official program is not good"", ""To emigrate"", ""To join a program for handicapped people""]",,
177,aid32,,str,1149,51,10,,"[""Don't know (Do not read)"", ""No further reply (Do not read)"", ""Other"", ""To acquire a new skill for a job"", ""To acquire a new skill for a personal interest"", ""To further an interest"", ""To make a better person"", ""To meet people"", ""Working for a degree / a certificate"", ""Working for other qualification""]",,
178,aid32other,,str,6,1194,2,,"[""The official program is not good"", ""To emigrate""]",,
179,aid41,,str,1200,0,17,,"[""Access (admission, qualification, regulation, etc.)"", ""Content"", ""Cost"", ""Cultural barriers"", ""Decline to answer (Do not read)"", ""Don't know (Do not read)"", ""Environment"", ""Family disapproval"", ""Governance/ organization"", ""Information"", ""Other"", ""Physical access "", ""Previous negative experience"", ""Resources"", ""Safety"", ""Time"", ""Transportation""]",,
180,aid41other,,str,15,1185,6,,"[""Does not want to study"", ""Education does not provide a bright future"", ""Education doesn't lead to a job"", ""Lack of awareness"", ""Nothing"", ""Social factors""]",,
181,aid42,,str,1133,67,17,,"[""Access (admission, qualification, regulation, etc.)"", ""Content"", ""Cost"", ""Cultural barriers"", ""Don't know (Do not read)"", ""Environment"", ""Family disapproval"", ""Governance/ organization"", ""Information"", ""No further reply"", ""Other"", ""Physical access "", ""Previous negative experience"", ""Resources"", ""Safety"", ""Time"", ""Transportation""]",,
182,aid42other,,str,14,1186,4,,"[""Did not succeed in the official program"", ""Does not have connections (Wasta)"", ""No programs in many areas / regions"", ""The official program is not good""]",,
183,aid5a,,str,1200,0,7,,"[""Agree very strongly with statement 1"", ""Agree very strongly with statement 2"", ""Agree with neither (Do not read)"", ""Agree with statement 1"", ""Agree with statement 2"", ""Decline to answer (Do not read)"", ""Don't know (Do not read)""]",,
184,aid5b,,str,1200,0,6,,"[""Agree very strongly with statement 1"", ""Agree very strongly with statement 2"", ""Agree with neither (Do not read)"", ""Agree with statement 1"", ""Agree with statement 2"", ""Don't know (Do not read)""]",,
185,aid5c,,str,1200,0,6,,"[""Agree very strongly with statement 1"", ""Agree very strongly with statement 2"", ""Agree with neither (Do not read)"", ""Agree with statement 1"", ""Agree with statement 2"", ""Don't know (Do not read)""]",,
186,aid5d,,str,1200,0,7,,"[""Agree very strongly with statement 1"", ""Agree very strongly with statement 2"", ""Agree with neither (Do not read)"", ""Agree with statement 1"", ""Agree with statement 2"", ""Decline to answer (Do not read)"", ""Don't know (Do not read)""]",,
187,aid5e,,str,1200,0,6,,"[""Agree very strongly with statement 1"", ""Agree very strongly with statement 2"", ""Agree with neither (Do not read)"", ""Agree with statement 1"", ""Agree with statement 2"", ""Don't know (Do not read)""]",,
188,q7001,,str,1200,0,5,,"[""Become stronger than they were in previous years"", ""Become weaker than they were in previous years"", ""Decline to answer (Do not read)"", ""Don't know (Do not read)"", ""Remain the same as they were in previous years""]",,
189,q7002,,str,1200,0,5,,"[""Become stronger than they were in previous years"", ""Become weaker than they were in previous years"", ""Decline to answer (Do not read)"", ""Don't know (Do not read)"", ""Remain the same as they were in previous years""]",,
190,q7003,,str,1200,0,5,,"[""Become stronger than they were in previous years"", ""Become weaker than they were in previous years"", ""Decline to answer (Do not read)"", ""Don't know (Do not read)"", ""Remain the same as they were in previous years""]",,
191,q7004,,str,1200,0,5,,"[""Become stronger than they were in previous years"", ""Become weaker than they were in previous years"", ""Decline to answer (Do not read)"", ""Don't know (Do not read)"", ""Remain the same as they were in previous years""]",,
192,q7007,,str,1200,0,5,,"[""Become stronger than they were in previous years"", ""Become weaker than they were in previous years"", ""Decline to answer (Do not read)"", ""Don't know (Do not read)"", ""Remain the same as they were in previous years""]",,
193,q7008,,str,1200,0,5,,"[""Become stronger than they were in previous years"", ""Become weaker than they were in previous years"", ""Decline to answer (Do not read)"", ""Don't know (Do not read)"", ""Remain the same as they were in previous years""]",,
194,q7011,,str,1200,0,7,,"[""Decline to answer (Do not read)"", ""Don't know (Do not read)"", ""Neither positive nor negative"", ""Somewhat negative"", ""Somewhat positive"", ""Very negative"", ""Very positive""]",,
195,q7012,,str,1200,0,7,,"[""Decline to answer (Do not read)"", ""Don't know (Do not read)"", ""Neither positive nor negative"", ""Somewhat negative"", ""Somewhat positive"", ""Very negative"", ""Very positive""]",,
196,q7013,,str,1200,0,7,,"[""Decline to answer (Do not read)"", ""Don't know (Do not read)"", ""Neither positive nor negative"", ""Somewhat negative"", ""Somewhat positive"", ""Very negative"", ""Very positive""]",,
197,q7014,,str,1200,0,7,,"[""Decline to answer (Do not read)"", ""Don't know (Do not read)"", ""Neither positive nor negative"", ""Somewhat negative"", ""Somewhat positive"", ""Very negative"", ""Very positive""]",,
198,q7011sy,,str,0,1200,0,,,,
199,q7012sy,,str,0,1200,0,,,,
200,q7013sy,,str,0,1200,0,,,,
201,q7014sy,,str,0,1200,0,,,,
202,q713,,str,1200,0,7,,"[""Decline to answer (Do not read)"", ""Don't know (Do not read)"", ""Promoting democracy"", ""Promoting economic development"", ""Promoting women’s rights"", ""Resolving the Arab-Israeli conflict"", ""The US should not get involved""]",,
203,q701b,,str,1200,0,7,,"[""Decline to answer (Do not read)"", ""Don't know (Do not read)"", ""Neither good nor bad"", ""Somewhat bad"", ""Somewhat good"", ""Very bad"", ""Very good""]",,
204,q704,,str,1200,0,6,,"[""Acceptable"", ""Acceptable with conditions"", ""Decline to answer (Do not read)"", ""Don't know (Do not read)"", ""Unacceptable because they are harmful to national interests"", ""Unacceptable on principle""]",,
205,q705,,str,1200,0,5,,"[""Both are equally important (Do not read)"", ""Decline to answer (Do not read)"", ""Don't know (Do not read)"", ""External factors"", ""Internal factors""]",,
206,q707,,str,1200,0,4,,"[""Agree"", ""Decline to answer (Do not read)"", ""Disagree"", ""Don't know (Do not read)""]",,
207,q708,,str,1200,0,6,,"[""Agree"", ""Decline to answer (Do not read)"", ""Disagree"", ""Don't know (Do not read)"", ""Strongly agree"", ""Strongly disagree""]",,
208,q709a,,str,1200,0,4,,"[""Decline to answer (Do not read)"", ""Don't know (Do not read)"", ""Oppose"", ""Support""]",,
209,q709aoppose,,str,375,825,48,,"[""Colonialization"", ""Don't know (Do not read)"", ""I do not like Israel"", ""Islam does not allow"", ""Israel and Palestine cannot agree"", ""Israel cannot be trusted"", ""Israel does not have the right"", ""Israel does not have the right to have the land"", ""Israel doesn't exist"", ""Israel has hurt the Palestinians"", ""Israel is a Jewish country"", ""Israel is abusing Palestine"", ""Israel is bad"", ""Israel is not a Muslim country"", ""Israel is threatening Palestine"", ""Israel oppresses the Palestinians"", ""Israel should not have a country"", ""Israel will abuse them"", ""Israel will not accept the agreement"", ""Israel will threaten Palestine"", ""Israelis are Zionists"", ""It is not fair"", ""Jerusalem is for Muslims"", ""Jerusalem is for the Arabs"", ""Jerusalem should be Palestinian"", ""My principles"", ""Nothing will change"", ""Palestine is an Arab country"", ""Palestine is an Islamic country"", ""Palestine is for all of us"", ""Palestine is for the Palestinians"", ""Palestine should be free"", ""Palestine should be independent"", ""Palestine should have her right"", ""Palestinians would refuse"", ""Religious reasons"", ""The land is Palestinian"", ""The problem is very complicated"", ""There is only Palestine"", ""They cannot live in peace"", ""They do not have the same religion"", ""They should be united in one country"", ""They should have separation between them"", ""They should stop the embargo on Palestine"", ""They will go to war"", ""They will have many problems"", ""This solution could not be applied"", ""This solution is not good for Palestine""]",,
210,q7114,,str,1200,0,6,,"[""Agree to a large extent"", ""Agree to some extent"", ""Decline to answer (Do not read)"", ""Don't know (Do not read)"", ""Don’t agree"", ""Don’t agree at all""]",,
211,q7115,,str,1200,0,6,,"[""Agree to a large extent"", ""Agree to some extent"", ""Decline to answer (Do not read)"", ""Don't know (Do not read)"", ""Don’t agree"", ""Don’t agree at all""]",,
212,q714,,str,1200,0,12,,"[""Decline to answer (Do not read)"", ""Don't know (Do not read)"", ""Iran"", ""Israel"", ""Libya"", ""Other"", ""Russia"", ""Saudi Arabia"", ""Syria"", ""The European Union"", ""The United States"", ""Turkey""]",,
213,q714other,,str,55,1145,7,,"[""Algeria"", ""Iraq"", ""Islamic State"", ""None specified"", ""Qatar"", ""Tunisia"", ""UAE""]",,
214,q714jo,,str,0,1200,0,,,,
215,q826,,str,1200,0,5,,"[""Decline to answer (Do not read)"", ""Don't know (Do not read)"", ""No threat at all"", ""Somewhat of a threat"", ""Very grave threat""]",,
216,q827,,str,1200,0,5,,"[""Decline to answer (Do not read)"", ""Don't know (Do not read)"", ""No threat at all"", ""Somewhat of a threat"", ""Very grave threat""]",,
217,q828,,str,1200,0,6,,"[""Certainly does not represent true Islam"", ""Certainly represents true Islam"", ""Decline to answer (Do not read)"", ""Does not represent true Islam"", ""Don't know (Do not read)"", ""Represents true Islam""]",,
218,q829,,str,1200,0,6,,"[""Decline to answer (Do not read)"", ""Don't know (Do not read)"", ""I agree to a large extent"", ""I disagree to a large extent"", ""I somewhat agree"", ""I somewhat disagree""]",,
219,q830,,str,1200,0,6,,"[""Decline to answer (Do not read)"", ""Don't know (Do not read)"", ""I agree to a large extent"", ""I disagree to a large extent"", ""I somewhat agree"", ""I somewhat disagree""]",,
220,q831,,str,1200,0,13,,"[""Al-Qaeda"", ""Decline to answer (Do not read)"", ""Don't know (Do not read)"", ""GCC country (other than Saudi Arabia)"", ""Iran"", ""Israel"", ""Other"", ""Political exclusion"", ""Russia"", ""Saudi Arabia"", ""Sectarian differences"", ""Social injustice"", ""The United States""]",,
221,q831other,,str,123,1077,32,,"[""Abu Ayyad al-Tunisi"", ""Abu Bakr Baghdadi (ISIS leader)"", ""Abu Yahya al-Libi"", ""Afghanistan"", ""All the governments in the world"", ""Arab Revolutions"", ""Arab Socialist Ba'ath Party in Iraq"", ""Arab countries"", ""Arab politicians"", ""Aymen Zawahiri (Al Qaeda Leader)"", ""Bashar Assad (Syrian President)"", ""Contraband groups"", ""Ennahda"", ""Iraq"", ""Islamic countries"", ""Lebanon"", ""Libya"", ""Moncef Marzouki"", ""Multiple countries"", ""No single cause"", ""Osama bin Laden"", ""Rached Ghannouchi"", ""Regional instability"", ""Religious culture"", ""Religious extremism"", ""Salafis"", ""Syria"", ""Tunisian parties"", ""Turkey"", ""Western countries"", ""Zine El Abidine Ben Ali"", ""Zionists""]",,
222,q832,,str,1200,0,8,,"[""Decline to answer (Do not read)"", ""Don't know (Do not read)"", ""Holding free and fair elections under international supervision"", ""Military intervention by an Arab coalition"", ""Military intervention by an international coalition including Arab and Western countries"", ""None of the above"", ""Other"", ""Reforms led by the current government""]",,
223,q832other,,str,21,1179,15,,"[""All the religious sects should have an agreement"", ""Armed intervention from an African and Asian coalition"", ""Dialogue"", ""Dialogue with a worldwide coalition"", ""ISIS should be eliminated"", ""Peaceful solution from a global coalition"", ""Peaceful solution from an Arab coalition"", ""Stopping the foreign intervention in Syria"", ""Syrian President Bashar al-Assad should be eliminated"", ""The Syrian people have the right to decide their own destiny"", ""The Syrian president should leave"", ""The Syrian president should stay"", ""The Syrians should make peace"", ""The Syrians should manage their own crisis"", ""There is no solution""]",,
224,q832a,,str,1200,0,5,,"[""A political solution through consultations with neighbouring and other countries is the most effective way to resolve the crisis in Libya"", ""Agree with neither statement (Do not read)"", ""Decline to answer (Do not read)"", ""Don't know (Do not read)"", ""Military operations are the most effective way to resolve the crisis in Libya""]",,
225,q833,,str,1200,0,6,,"[""Concerned to a great extent"", ""Concerned to a medium extent"", ""Concerned to a small extent"", ""Decline to answer (Do not read)"", ""Don't know (Do not read)"", ""Not concerned at all""]",,
226,q8341,,str,1200,0,6,,"[""Decline to answer (Do not read)"", ""Don't know (Do not read)"", ""Not angry at all"", ""Not very angry"", ""Somewhat angry"", ""Very angry""]",,
227,q8342,,str,1200,0,6,,"[""Decline to answer (Do not read)"", ""Don't know (Do not read)"", ""Not angry at all"", ""Not very angry"", ""Somewhat angry"", ""Very angry""]",,
228,q8343,,str,1200,0,6,,"[""Decline to answer (Do not read)"", ""Don't know (Do not read)"", ""Not angry at all"", ""Not very angry"", ""Somewhat angry"", ""Very angry""]",,
229,q8344,,str,1200,0,6,,"[""Decline to answer (Do not read)"", ""Don't know (Do not read)"", ""Not angry at all"", ""Not very angry"", ""Somewhat angry"", ""Very angry""]",,
230,q8345,,str,1200,0,6,,"[""Decline to answer (Do not read)"", ""Don't know (Do not read)"", ""Not angry at all"", ""Not very angry"", ""Somewhat angry"", ""Very angry""]",,
231,q901,,str,1200,0,8,,"[""Arab (Ethnicity)"", ""Decline to answer (Do not read)"", ""Don't know (Do not read)"", ""Local community, city where I live"", ""Muslim/Christian (Religion)"", ""Region (GCC, Maghreb, etc.)"", ""Your country of birth"", ""Your tribe or extended family""]",,
232,q901other,,str,0,1200,0,,,,
233,q1001,,str,1200,0,71,,,,
234,q1001a,,str,1200,0,26,,"[""Ariana"", ""Beja"", ""Ben Arous"", ""Bizerte"", ""Gabes"", ""Gafsa"", ""Jendouba"", ""Kairouan"", ""Kasserine"", ""Kebili"", ""Kef"", ""Mahdia"", ""Manouba"", ""Mednine"", ""Monastir"", ""Nabeul"", ""Not from Tunisia"", ""Refused to answer (do not read)"", ""Seliana"", ""Sfax"", ""Sidi Bouzid"", ""Sousse"", ""Tatouine"", ""Tozeur"", ""Tunis"", ""Zaghouan""]",,
235,q1001aother,,str,5,1195,4,,"[""Algeria"", ""France"", ""Morocco"", ""UAE""]",,
236,q1001c,,str,1200,0,82,,,,
237,q1002,,str,1200,0,2,,"[""Female"", ""Male""]",,
238,q1003,,str,0,1200,0,,,,
239,t1003,,str,1200,0,7,,"[""Above BA"", ""BA"", ""Decline to answer (Do not read)"", ""Elementary"", ""Illiterate/No formal education"", ""Preparatory/Basic"", ""Secondary""]",,
240,q1004,,str,1200,0,2,,"[""No"", ""Yes""]",,
241,q1005,,str,766,434,6,,"[""Decline to answer (Do not read)"", ""Housewife"", ""Other"", ""Retired"", ""Student"", ""Unemployed""]",,
242,q1005other,,str,0,1200,0,,,,
243,q1006,,str,434,766,3,,"[""Decline to answer (Do not read)"", ""Full time (30 hours or more a week)"", ""Part time (Less than 30 hours a week)""]",,
244,q1006a,,str,434,766,3,,"[""Other"", ""Private"", ""Public""]",,
245,q1007,,str,127,1073,3,,"[""A governmental employee"", ""Employer/director of an institution with 10 employees or more"", ""Working at the armed forces or the police""]",,
246,q1007other,,str,0,1200,0,,,,
247,q1007a,,str,273,927,9,,"[""Agricultural worker/Owner of a farm"", ""Craftsperson"", ""Employer/director of an institution with 10 employees or more"", ""Employer/director of an institution with less than 10 employees"", ""Manual laborer"", ""Other"", ""Owner of a shop/grocery store"", ""Private sector employee"", ""Professional such as a lawyer, accountant, teacher, doctor, etc.""]",,
248,q1007aother,,str,2,1198,1,,"[""Fisherman""]",,
249,q1010,,str,1200,0,6,,"[""Decline to answer (Do not read)"", ""Divorced or separated"", ""Engaged"", ""Married"", ""Unmarried or Bachelor"", ""Widowed""]",,
250,q1010b,,str,942,258,8,,"[""0"", ""1"", ""2"", ""3"", ""4"", ""5"", ""6"", ""7""]",,
251,q1010c,,str,376,824,4,,"[""Decline to answer (Do not read)"", ""Don't know (Do not read)"", ""No"", ""Yes""]",,
252,q1011,,str,863,337,16,,"[""Agricultural worker/Owner of a farm"", ""Craftsperson"", ""Decline to answer (Do not read)"", ""Does not work"", ""Don't know (Do not read)"", ""Employer/director of an institution with 10 employees or more"", ""Employer/director of an institution with less than 10 employees"", ""Government employee"", ""Housewife"", ""Manual laborer"", ""Member of the armed forces / Public security"", ""Owner of a shop/grocery store"", ""Private sector employee"", ""Professional such as a lawyer, accountant, teacher, doctor, etc."", ""Retired"", ""Student""]",,
253,q1011other,,str,0,1200,0,,,,
254,q1011a,,str,1200,0,2,,"[""No"", ""Yes""]",,
255,q1011b,,str,1200,0,2,,"[""No"", ""Yes""]",,
256,q1011c,,str,1200,0,3,,"[""Mobile"", ""No"", ""Smartphone""]",,
257,q609,,str,1200,0,5,,"[""Decline to answer (Do not read)"", ""Don't know (Do not read)"", ""Not religious"", ""Religious"", ""Somewhat religious""]",,
258,q6101,,str,1200,0,7,,"[""Always"", ""Decline to answer (Do not read)"", ""Don't know (Do not read)"", ""Most of the time"", ""Never"", ""Rarely"", ""Sometimes""]",,
259,q6106,,str,1200,0,7,,"[""Always"", ""Decline to answer (Do not read)"", ""Don't know (Do not read)"", ""Most of the time"", ""Never"", ""Rarely"", ""Sometimes""]",,
260,q1012,,str,1200,0,1,,"[""Muslim""]",,
261,q1012other,,str,0,1200,0,,,,
262,q1012a,,str,1200,0,5,,"[""Decline to answer (Do not read)"", ""Don't know (Do not read)"", ""Just a Muslim"", ""Shia"", ""Sunni""]",,
263,q1015aalg,,str,0,1200,0,,,,
264,q1015aegy,,str,0,1200,0,,,,
265,q1015ajor,,str,0,1200,0,,,,
266,q1015aleb,,str,0,1200,0,,,,
267,q1015amor,,str,0,1200,0,,,,
268,q1015apal,,str,0,1200,0,,,,
269,q1015atun,,str,1200,0,4,,"[""DT 500 or more"", ""Decline to answer (Do not read)"", ""Don't know (Do not read)"", ""Less than DT 500""]",,
270,q1015balg,,str,0,1200,0,,,,
271,q1015begy,,str,0,1200,0,,,,
272,q1015bjor,,str,0,1200,0,,,,
273,q1015bleb,,str,0,1200,0,,,,
274,q1015bmor,,str,0,1200,0,,,,
275,q1015bpal,,str,0,1200,0,,,,
276,q1015btun,,str,594,606,7,,"[""DT 100-200"", ""DT 200-300"", ""DT 300-400"", ""DT 400-500"", ""Decline to answer (Do not read)"", ""Don't know (Do not read)"", ""Less than DT 100""]",,
277,q1015calg,,str,0,1200,0,,,,
278,q1015cegy,,str,0,1200,0,,,,
279,q1015cjor,,str,0,1200,0,,,,
280,q1015cleb,,str,0,1200,0,,,,
281,q1015cmor,,str,0,1200,0,,,,
282,q1015cpal,,str,0,1200,0,,,,
283,q1015ctun,,str,532,668,8,,"[""DT 1000-1500"", ""DT 1500-2000"", ""DT 2000 or more"", ""DT 600-800"", ""DT 800-1000"", ""Decline to answer (Do not read)"", ""Don't know (Do not read)"", ""Less than DT 600""]",,
284,q1016,,str,1200,0,6,,"[""Decline to answer (Do not read)"", ""Don't know (Do not read)"", ""Our household income covers our expenses well and we are able to save."", ""Our household income covers our expenses without notable difficulties."", ""Our household income does not cover our expenses and we face significant difficulties in meeting our needs."", ""Our household income does not cover our expenses and we face some difficulties in meeting our needs.""]",,
285,q1017,,str,1200,0,5,,"[""Decline to answer (Do not read)"", ""We do not receive anything"", ""Yes, a few times a year"", ""Yes, monthly"", ""Yes, once a year""]",,
286,q1019a,,str,1200,0,1,,"[""Arabic""]",,
287,q1019b,,str,1200,0,6,,"[""English"", ""French"", ""German"", ""Italian"", ""None"", ""Spanish""]",,
288,q1020jo,,str,0,1200,0,,,,
289,q2008,,str,1200,0,2,,"[""Female"", ""Male""]",,
290,q2008a,,str,0,1200,0,,,,
