position,variable,label,storage_type,n_valid,n_missing,n_distinct,value_labels,observed_values,min,max,asked_in_parts,n_valid_where_asked
1,PART,"Wave VI round (1, 2 or 3)",int64,3207,0,3,"{""1"": ""Part 1 (July 2020)"", ""2"": ""Part 2 (October 2020)"", ""3"": ""Part 3 (March 2021)""}",,1.0,3.0,,0
2,MERGE_ID,Row key: round and within-round ID,str,3207,0,3207,,,,,,0
3,COUNTRY,Surveyed country,float64,3207,0,1,"{""1"": ""Algeria"", ""8"": ""Jordan"", ""10"": ""Lebanon"", ""11"": ""Libya"", ""13"": ""Morocco"", ""21"": ""Tunisia"", ""7"": ""Iraq""}",,21.0,21.0,1;2;3,3207
4,ID,Respondent ID number,float64,3207,0,2474,,,9.0,5211.0,1;2;3,3207
5,DATE,Date of interview,str,3207,0,22,,"[""2020-07-24"", ""2020-07-25"", ""2020-07-26"", ""2020-07-27"", ""2020-07-28"", ""2020-10-06"", ""2020-10-07"", ""2020-10-08"", ""2020-10-09"", ""2020-10-10"", ""2020-10-11"", ""2020-10-12"", ""2020-10-13"", ""2020-10-14"", ""2020-10-15"", ""2021-03-06"", ""2021-03-07"", ""2021-03-09"", ""2021-03-10"", ""2021-03-13"", ""2021-03-14"", ""2021-03-16""]",,,1;2;3,3207
6,Q1,Governorate,float64,3207,0,25,"{""1001"": ""Adrar"", ""1002"": ""Chlef"", ""1003"": ""Laghouat"", ""1004"": ""Oum el Bouaghi"", ""1005"": ""Batna"", ""1006"": ""Bejaia"", ""1007"": ""Biskra"", ""1008"": ""Bechar"", ""1009"": ""Blida"", ""1010"": ""Bouira"", ""1011"": ""Tamenrasset"", ""1012"": ""Tebessa"", ""1013"": ""Tlemcen"", ""1014"": ""Tiaret"", ""1015"": ""Tizi Ouzou"", ""1016"": ""Algiers"", ""1017"": ""Djelfa"", ""1018"": ""Jijel"", ""1019"": ""Setif"", ""1020"": ""Saida"", ""1021"": ""Skikda"", ""1022"": ""Sidi Bel Abbes"", ""1023"": ""Annaba"", ""1024"": ""Guelma"", ""1025"": ""Constantine"", ""1026"": ""Medea"", ""1027"": ""Mostaganem"", ""1028"": ""M'Sila"", ""1029"": ""Mascara"", ""1030"": ""Ouargla"", ""1031"": ""Oran"", ""1032"": ""El Bayadh"", ""1033"": ""Illizi"", ""1034"": ""Bordj Bou Arreridj"", ""1035"": ""Boumerdes"", ""1036"": ""El Taref"", ""1037"": ""Tindouf"", ""1038"": ""Tissemsilt"", ""1039"": ""El Oued"", ""1040"": ""Khenchela"", ""1041"": ""Souk Ahras"", ""1042"": ""Tipaza"", ""1043"": ""Mila"", ""1044"": ""Ain Defla"", ""1045"": ""Naama"", ""1046"": ""Ain Temouchent"", ""1047"": ""Ghardaia"", ""1048"": ""Relizane"", ""7001"": ""Baghdad"", ""7002"": ""Salahaddin"", ""7003"": ""Diyala"", ""7004"": ""Wasit"", ""7005"": ""Missan"", ""7006"": ""Basra"", ""7007"": ""Thi-Qar"", ""7008"": ""Muthanna"", ""7009"": ""Diwaniyah"", ""7010"": ""Babel"", ""7011"": ""Karbala"", ""7012"": ""Najaf"", ""7013"": ""Anbar"", ""7014"": ""Ninewa"", ""7015"": ""Dohuk"", ""7016"": ""Erbil"", ""7017"": ""Kirkuk"", ""7018"": ""Sulaymaniyah"", ""8001"": ""Amman"", ""8002"": ""Balqa"", ""8003"": ""Zarqa"", ""8004"": ""Madaba"", ""8005"": ""Irbid"", ""8006"": ""Mafraq"", ""8007"": ""Jerash"", ""8008"": ""Ajloun"", ""8009"": ""Karak"", ""8010"": ""Tafilah"", ""8011"": ""Ma'an"", ""8012"": ""Aqaba"", ""10001"": ""Akkar"", ""10002"": ""Baalbek El-Hermel"", ""10003"": ""Beirut"", ""10004"": ""Bekaa"", ""10005"": ""El Nabatieh"", ""10006"": ""Kesrwan-Jbeil"", ""10007"": ""Mt. Lebanon"", ""10008"": ""North"", ""10009"": ""South"", ""11001"": ""Tobruk"", ""11002"": ""Derna"", ""11003"": ""Al-Gabal al-Akhdar"", ""11004"": ""Al-Marj"", ""11005"": ""Benghazi"", ""11006"": ""Al-Wahat"", ""11007"": ""Al-Kufra"", ""11008"": ""Sirt"", ""11009"": ""Al-Jofra"", ""11010"": ""Misrata"", ""11011"": ""Al-Mergheb"", ""11012"": ""Tripoli"", ""11013"": ""Jafara"", ""11014"": ""Zawia"", ""11015"": ""Zwara"", ""11016"": ""Al-Gabal al-Gharbi"", ""11017"": ""Nalut"", ""11018"": ""Sabha"", ""11019"": ""Wadi Shati"", ""11020"": ""Murzuk"", ""11021"": ""Wadi al-Haya"", ""11022"": ""Ghat"", ""11023"": ""Ejdabia"", ""13001"": ""Tanger-Tetouan-Al Hoceima"", ""13002"": ""Oriental"", ""13003"": ""Fes-Meknes"", ""13004"": ""Rabat-Sale-Kenitra"", ""13005"": ""Beni Mellal-Khenifra"", ""13006"": ""Grand Casablanca-Settat"", ""13007"": ""Marrakech-Safi"", ""13008"": ""Draa-Tafilalet"", ""13009"": ""Souss-Massa"", ""13010"": ""Guelmim-Oued Noun"", ""13011"": ""Laayoune-Sakia El Hamra"", ""13012"": ""Eddakhla-Oued Eddahab"", ""21001"": ""Tunis"", ""21002"": ""Ariana"", ""21003"": ""Ben Arous"", ""21004"": ""Manouba"", ""21005"": ""Bizerte"", ""21006"": ""Nabeul"", ""21007"": ""Beja"", ""21008"": ""Zaghouan"", ""21009"": ""Jendouba"", ""21010"": ""Jendouba"", ""21011"": ""Siliana"", ""21012"": ""Sousse"", ""21013"": ""Monastir"", ""21014"": ""Mahdia"", ""21015"": ""Kairouan"", ""21016"": ""Sfax"", ""21017"": ""Sidi Bouzid"", ""21018"": ""Kasserine"", ""21019"": ""Gafsa"", ""21020"": ""Tozeur"", ""21021"": ""Tataouine"", ""21022"": ""Medenine"", ""21023"": ""Gabes"", ""21024"": ""Kebili"", ""99998"": ""Don't know"", ""99999"": ""Refused""}",,21001.0,99999.0,1;2;3,3207
7,WT,Weight for the probability of selection,float64,3207,0,1414,,,0.24001264394332308,3.02796451313082,1;2;3,3207
8,Q1001,Q1001. How old are you?,float64,3206,1,68,"{""9999"": ""Refused"", ""100"": ""Respondent refused to continue"", ""99999"": ""Refused to answer""}",,18.0,99999.0,1;2;3,3206
9,Q1002,Q1002. What is your gender?,float64,3207,0,2,"{""1"": ""Male"", ""2"": ""Female"", ""100"": ""Respondent refused to continue""}",,1.0,2.0,1;2;3,3207
10,QLEB1,"QLEB1. Of the following priorities, which is the most urgent one that the govern",float64,0,3207,0,"{""1"": ""The reconstruction of Beirut"", ""2"": ""Banking and financial reforms"", ""3"": ""Reducing inequality and poverty"", ""4"": ""Drafting a new electoral law"", ""5"": ""Supporting the judicial system"", ""6"": ""Oil and gas exploration"", ""98"": ""Don’t know"", ""99"": ""Refused to answer""}",,,,1,0
11,QLEB2,QLEB2. Who is most responsible for the Beirut port explosion?,float64,0,3207,0,"{""1"": ""It was a coincidence"", ""2"": ""It was an act of terrorism"", ""3"": ""Neglect and corruption"", ""4"": ""Political party"", ""5"": ""Foreign country"", ""6"": ""Other"", ""98"": ""Don’t know"", ""99"": ""Refused to answer""}",,,,1,0
12,QLEB2_4,,str,0,3207,0,,,,,1,0
13,QLEB2_5,,str,0,3207,0,,,,,1,0
14,QLEB2_6,,str,0,3207,0,,,,,1,0
15,QLEB3_1,QLEB3.1. Did the Beirut port explosion cause you to:Lose your home,float64,0,3207,0,"{""1"": ""Yes"", ""2"": ""No"", ""98"": ""Don’t know"", ""99"": ""Refused to answer""}",,,,1,0
16,QLEB3_2,QLEB3.2. Did the Beirut port explosion cause you to:Lose your job or source of i,float64,0,3207,0,"{""1"": ""Yes"", ""2"": ""No"", ""98"": ""Don’t know"", ""99"": ""Refused to answer""}",,,,1,0
17,QLEB3_3,QLEB3.3. Did the Beirut port explosion cause you to:The death of family members,float64,0,3207,0,"{""1"": ""Yes"", ""2"": ""No"", ""98"": ""Don’t know"", ""99"": ""Refused to answer""}",,,,1,0
18,QLEB4_1,"QLEB4.1. After the Beirut port explosion, did you:Volunteer in street-cleaning e",float64,0,3207,0,"{""1"": ""Yes"", ""2"": ""No"", ""98"": ""Don’t know"", ""99"": ""Refused to answer""}",,,,1,0
19,QLEB4_2,"QLEB4.2. After the Beirut port explosion, did you:Donate money to organizations",float64,0,3207,0,"{""1"": ""Yes"", ""2"": ""No"", ""98"": ""Don’t know"", ""99"": ""Refused to answer""}",,,,1,0
20,QLEB4_3,"QLEB4.3. After the Beirut port explosion, did you:Participate in a protest deman",float64,0,3207,0,"{""1"": ""Yes"", ""2"": ""No"", ""98"": ""Don’t know"", ""99"": ""Refused to answer""}",,,,1,0
21,QLEB5,QLEB5. Who should conduct the investigation into the explosion and determine its,float64,0,3207,0,"{""1"": ""Independent international experts"", ""2"": ""Lebanese parties"", ""3"": ""Lebanese Army"", ""5"": ""FBI"", ""97"": ""the investigation is useless"", ""98"": ""Don’t know"", ""99"": ""Refused to answer""}",,,,1,0
22,QLEB6,"QLEB6. In your opinion, is it preferable for the system of governance in Lebanon",float64,0,3207,0,"{""1"": ""A sectarian system like it is now"", ""2"": ""A civil / secular system"", ""3"": ""A sectarian federal system"", ""98"": ""Don’t know"", ""99"": ""Refused to answer""}",,,,1,0
23,QLEB7,QLEB7. Would you be comfortable with authority positions that have historically,float64,0,3207,0,"{""1"": ""Yes"", ""2"": ""No"", ""3"": ""Maybe"", ""98"": ""Don’t know"", ""99"": ""Refused to answer""}",,,,1,0
24,QLEB8,,str,0,3207,0,,,,,1,0
25,Q2061A,Q2061a. What is the most important challenge facing [COUNTRY] today?,float64,3207,0,9,"{""1"": ""Economic situation [INTERVIEWER: IF ASKED, POVERTY, UNEMPLOYMENT, INFLATION]"", ""2"": ""Financial and administrative corruption"", ""6"": ""Internal instability and security"", ""7"": ""Foreign interference"", ""12"": ""Public services [INTERVIEWER: IF ASKED, HEALTH, EDUCATION, ETC.]"", ""15"": ""The spread of the coronavirus"", ""16"": ""Other- specify: ________"", ""17"": ""Beirut port explosion"", ""98"": ""Don't know"", ""99"": ""Refused to answer"", ""100"": ""Respondent refused to continue""}",,1.0,99.0,1;2;3,3207
26,Q1COVID19,"Q1COVID19. In general, to what extent are you concerned that the coronavirus wil",float64,3207,0,6,"{""1"": ""Very concerned"", ""2"": ""Somewhat concerned"", ""3"": ""Somewhat not concerned"", ""4"": ""Not at all concerned"", ""98"": ""Don’t know"", ""99"": ""Refused to answer"", ""100"": ""Respondent refused to continue""}",,1.0,99.0,1;2;3,3207
27,Q2ACOVID19,Q2ACOVID19. You said you were very or somewhat concerned about the coronavirus c,float64,2106,1101,9,"{""1"": ""Having a member of your family get very ill or die"", ""2"": ""Loss of household income"", ""3"": ""Negative impacts on the economy"", ""4"": ""Inability of the healthcare system to handle COVID-19 cases"", ""5"": ""The government’s response has not been adequate"", ""6"": ""Other citizens have not done a good job of following government recommendations"", ""7"": ""Other- SPECIFY"", ""98"": ""Don't know"", ""99"": ""Refused to answer"", ""100"": ""Respondent refused to continue""}",,1.0,99.0,1;2;3,2106
28,Q2BCOVID19,Q2BCOVID19. You said you were somewhat not concerned or not at all concerned abo,float64,1083,2124,9,"{""1"": ""The health threat posed by the coronavirus is exaggerated"", ""2"": ""No loss of household income"", ""3"": ""Little to no negative impacts on the economy"", ""4"": ""The country’s healthcare infrastructure can handle coronavirus cases"", ""5"": ""The government’s response has been adequate to stop the spread of the coronavirus"", ""6"": ""Other citizens have done a good job following government recommendations"", ""7"": ""Other- SPECIFY"", ""96"": ""COVID not biggest priority for Lebanon"", ""98"": ""Don't know"", ""99"": ""Refused to answer"", ""100"": ""Respondent refused to continue""}",,1.0,99.0,1;2;3,1083
29,Q4COVID19_1,Q4COVID19_1.Visited family that lives in a different house,float64,1005,2202,2,"{""1"": ""Yes"", ""2"": ""No"", ""98"": ""Don’t know"", ""99"": ""Refused to answer""}",,1.0,2.0,1,1005
30,Q4COVID19_2,Q4COVID19_2.Volunteered to help others,float64,1005,2202,4,"{""1"": ""Yes"", ""2"": ""No"", ""98"": ""Don’t know"", ""99"": ""Refused to answer""}",,1.0,99.0,1,1005
31,Q4COVID19_3,Q4COVID19_3.Practiced social distancing,float64,1005,2202,4,"{""1"": ""Yes"", ""2"": ""No"", ""98"": ""Don’t know"", ""99"": ""Refused to answer""}",,1.0,99.0,1,1005
32,Q4COVID19_4,Q4COVID19_4.Worn a facemask in public,float64,1005,2202,3,"{""1"": ""Yes"", ""2"": ""No"", ""98"": ""Don’t know"", ""99"": ""Refused to answer""}",,1.0,98.0,1,1005
33,Q5COVID19,"Q5COVID19. If you were employed before the spread of the coronavirus, did it cau",float64,2205,1002,7,"{""1"": ""Permanently lose your job"", ""2"": ""A temporary interruption in your job"", ""3"": ""You had to work from home but it caused no serious interruption"", ""4"": ""Had no effect on your job status"", ""96"": ""Permanent or temporary loss due to Beirut port explosion"", ""97"": ""Not applicable- was not employed before the outbreak"", ""98"": ""Don't know"", ""99"": ""Refused to answer"", ""100"": ""Respondent refused to continue""}",,1.0,99.0,1;3,2205
34,Q10COVID19_1,Q10COVID19_1.Frequency of prayer/ How often you have prayed,float64,1005,2202,6,"{""1"": ""Increased"", ""2"": ""Stayed the same"", ""3"": ""Decreased"", ""97"": ""Not Applicable"", ""98"": ""Don’t know"", ""99"": ""Refused to answer""}",,1.0,99.0,1,1005
35,Q10COVID19_2,Q10COVID19_2.Family unity,float64,1005,2202,6,"{""1"": ""Increased"", ""2"": ""Stayed the same"", ""3"": ""Decreased"", ""97"": ""Not Applicable"", ""98"": ""Don’t know"", ""99"": ""Refused to answer""}",,1.0,99.0,1,1005
36,Q10COVID19_3,Q10COVID19_3.Verbal arguments between your family members,float64,1005,2202,6,"{""1"": ""Increased"", ""2"": ""Stayed the same"", ""3"": ""Decreased"", ""97"": ""Not Applicable"", ""98"": ""Don’t know"", ""99"": ""Refused to answer""}",,1.0,99.0,1,1005
37,Q10COVID19_4,Q10COVID19_4.Physical arguments between your family members,float64,1005,2202,6,"{""1"": ""Increased"", ""2"": ""Stayed the same"", ""3"": ""Decreased"", ""97"": ""Not Applicable"", ""98"": ""Don’t know"", ""99"": ""Refused to answer""}",,1.0,99.0,1,1005
38,Q10COVID19_5,"Since the outbreak of the coronavirus, has abuse of or violence against women in",float64,2205,1002,6,"{""1"": ""Increased"", ""2"": ""Stayed the same"", ""3"": ""Decreased"", ""97"": ""NA. Does not happen in my household or community"", ""98"": ""Don’t know"", ""99"": ""Refused to answer"", ""100"": ""Respondent refused to continue""}",,1.0,99.0,1;3,2205
39,Q11COVID19,Q11COVID19. How negative of an impact do you believe the outbreak of the coronav,float64,1005,2202,6,"{""1"": ""Extremely negative"", ""2"": ""Moderately negative"", ""3"": ""Slightly negative"", ""4"": ""No negative impact at all"", ""98"": ""Don’t know"", ""99"": ""Refused to answer""}",,1.0,99.0,1,1005
40,Q204_25,Q204_25. How would you evaluate the current government’s performance on respondi,float64,3207,0,7,"{""1"": ""Very good"", ""2"": ""Good"", ""3"": ""Bad"", ""4"": ""Very bad"", ""97"": ""This is not the government’s responsibility"", ""98"": ""Don’t know"", ""99"": ""Refused to answer"", ""100"": ""Respondent refused to continue""}",,1.0,99.0,1;2;3,3207
41,Q6COVID19,Q6COVID19. How much do you trust do you have in the statistics on the number of,float64,1005,2202,6,"{""1"": ""A great deal of trust"", ""2"": ""Quite a lot of trust"", ""3"": ""Not a lot of trust"", ""4"": ""No trust at all"", ""98"": ""Don’t know"", ""99"": ""Refused to answer""}",,1.0,99.0,1,1005
42,Q8COVID19_2,Q8COVID19_1.To limit freedom of speech,float64,1005,2202,5,"{""1"": ""Always"", ""2"": ""Sometimes"", ""3"": ""Never"", ""98"": ""Don’t know"", ""99"": ""Refused to answer""}",,1.0,99.0,1,1005
43,Q8COVID19_3,Q8COVID19_2.To limit freedom of movement,float64,1005,2202,5,"{""1"": ""Always"", ""2"": ""Sometimes"", ""3"": ""Never"", ""98"": ""Don’t know"", ""99"": ""Refused to answer""}",,1.0,99.0,1,1005
44,Q8COVID19_4,Q8COVID19_3.To censor the media,float64,1005,2202,5,"{""1"": ""Always"", ""2"": ""Sometimes"", ""3"": ""Never"", ""98"": ""Don’t know"", ""99"": ""Refused to answer""}",,1.0,99.0,1,1005
45,Q8COVID19_5,Q8COVID19_4.To monitor and trace citizens’ location and movement,float64,1005,2202,5,"{""1"": ""Always"", ""2"": ""Sometimes"", ""3"": ""Never"", ""98"": ""Don’t know"", ""99"": ""Refused to answer""}",,1.0,99.0,1,1005
46,Q101,Q101. How would you evaluate the current economic situation in your country?,float64,3207,0,6,"{""1"": ""Very good"", ""2"": ""Good"", ""3"": ""Bad"", ""4"": ""Very bad"", ""98"": ""Don’t know"", ""99"": ""Refused to answer"", ""100"": ""Respondent refused to continue""}",,1.0,99.0,1;2;3,3207
47,Q118,"Q118 In your opinion, which of the following is the most important issue the gov",float64,3207,0,8,"{""1"": ""Create more job opportunities"", ""2"": ""Raise wages for existing jobs"", ""3"": ""Lower the cost of living (limiting inflation)"", ""4"": ""Reform the education system"", ""5"": ""Encouraging foreign investment"", ""6"": ""Other"", ""98"": ""Don’t know"", ""99"": ""Refused to answer""}",,1.0,99.0,1;2;3,3207
48,Q111,"Q111 In the next 12 months, how concerned are you that your family might lose it",float64,1005,2202,6,"{""1"": ""Very concerned"", ""2"": ""Somewhat concerned"", ""3"": ""A little concerned"", ""4"": ""Not at all concerned"", ""98"": ""Don't know"", ""99"": ""Refused to answer""}",,1.0,99.0,1,1005
49,QJOR1,"In your opinion, to what extent will the reactivation of compulsory military ser",float64,0,3207,0,"{""1"": ""Great Extent"", ""2"": ""Some extent"", ""3"": ""Small extent"", ""4"": ""has no relation"", ""98"": ""Dont know"", ""99"": ""refused to answer""}",,,,1,0
50,Q201A_1,Trust in government (Council of Ministers),float64,3207,0,6,"{""1"": ""A great deal of trust"", ""2"": ""Quite a lot of trust"", ""3"": ""Not a lot of trust"", ""4"": ""No trust at all"", ""98"": ""Don’t know"", ""99"": ""Refused to answer"", ""100"": ""Respondent refused to continue""}",,1.0,99.0,1;2;3,3207
51,Q201A_6A_LIB,Q201a_6A_LIB. Government of National Accord,float64,0,3207,0,"{""1"": ""A great deal of trust"", ""2"": ""Quite a lot of trust"", ""3"": ""Not a lot of trust"", ""4"": ""No trust at all"", ""98"": ""Don’t know"", ""99"": ""Refused to answer""}",,,,1;2,0
52,Q201A_6B_LIB,Q201a_6B_LIB. House of Representatives,float64,0,3207,0,"{""1"": ""A great deal of trust"", ""2"": ""Quite a lot of trust"", ""3"": ""Not a lot of trust"", ""4"": ""No trust at all"", ""98"": ""Don’t know"", ""99"": ""Refused to answer""}",,,,1;2,0
53,Q201A_2,Trust in courts and legal system,float64,3207,0,6,"{""1"": ""A great deal of trust"", ""2"": ""Quite a lot of trust"", ""3"": ""Not a lot of trust"", ""4"": ""No trust at all"", ""98"": ""Don’t know"", ""99"": ""Refused to answer"", ""100"": ""Respondent refused to continue""}",,1.0,99.0,1;2;3,3207
54,Q201B_6,Q201b_6. The armed forces (the army),float64,3207,0,6,"{""1"": ""A great deal of trust"", ""2"": ""Quite a lot of trust"", ""3"": ""Not a lot of trust"", ""4"": ""No trust at all"", ""98"": ""Don’t know"", ""99"": ""Refused to answer"", ""100"": ""Respondent refused to continue""}",,1.0,99.0,1;2;3,3207
55,Q201B_13,Q201b_13. Religious leaders,float64,3207,0,6,"{""1"": ""A great deal of trust"", ""2"": ""Quite a lot of trust"", ""3"": ""Not a lot of trust"", ""4"": ""No trust at all"", ""98"": ""Don’t know"", ""99"": ""Refused to answer"", ""100"": ""Respondent refused to continue""}",,1.0,99.0,1;2;3,3207
56,Q201C_38,Q201c_38. Private banks,float64,0,3207,0,"{""1"": ""A great deal of trust"", ""2"": ""Quite a lot of trust"", ""3"": ""Not a lot of trust"", ""4"": ""No trust at all"", ""98"": ""Don’t know"", ""99"": ""Refused to answer""}",,,,1,0
57,Q201C_38B,Q201c_38b. Central bank,float64,0,3207,0,"{""1"": ""A great deal of trust"", ""2"": ""Quite a lot of trust"", ""3"": ""Not a lot of trust"", ""4"": ""No trust at all"", ""98"": ""Don’t know"", ""99"": ""Refused to answer""}",,,,1,0
58,Q204A_3,How satisfied are you with the following? The government’s performance overall,float64,2205,1002,6,"{""1"": ""Completely satisfied"", ""2"": ""Satisfied"", ""3"": ""Dissatisfied"", ""4"": ""Completely dissatisfied"", ""98"": ""Don’t know"", ""99"": ""Refused to answer"", ""100"": ""Respondent refused to continue""}",,1.0,99.0,1;3,2205
59,Q204A_2,Q204a_2. The healthcare system in our country,float64,3207,0,6,"{""1"": ""Completely satisfied"", ""2"": ""Satisfied"", ""3"": ""Dissatisfied"", ""4"": ""Completely dissatisfied"", ""98"": ""Don’t know"", ""99"": ""Refused to answer"", ""100"": ""Respondent refused to continue""}",,1.0,99.0,1;2;3,3207
60,Q204A_1,Q204a_1.The educational system in our country,float64,3207,0,6,"{""1"": ""Completely satisfied"", ""2"": ""Satisfied"", ""3"": ""Dissatisfied"", ""4"": ""Completely dissatisfied"", ""98"": ""Don’t know"", ""99"": ""Refused to answer"", ""100"": ""Respondent refused to continue""}",,1.0,99.0,1;2;3,3207
61,Q516A,Q516a. I am interested in how you think about the core values underlying any soc,float64,1005,2202,5,"{""1"": ""For people like me, it doesn't matter what kind of government we have"", ""2"": ""Under some circumstances, a non-democratic government can be preferable"", ""3"": ""Democracy is always preferable to any other kind of government"", ""98"": ""Don’t know"", ""99"": ""Refused to answer""}",,1.0,99.0,1,1005
62,Q210,Q210. To what extent do you think that there is corruption within the national s,float64,3207,0,6,"{""1"": ""To a large extent"", ""2"": ""To a medium extent"", ""3"": ""To a small extent"", ""4"": ""Not at all"", ""98"": ""Don’t know"", ""99"": ""Refused to answer"", ""100"": ""Respondent refused to continue""}",,1.0,99.0,1;2;3,3207
63,Q211,"Q211. In your opinion, to what extent is the national government working to crac",float64,2092,1115,6,"{""1"": ""To a large extent"", ""2"": ""To a medium extent"", ""3"": ""To a small extent"", ""4"": ""Not at all"", ""98"": ""Don’t know"", ""99"": ""Refused to answer"", ""100"": ""Respondent refused to continue""}",,1.0,99.0,1;3,2092
64,Q409,"Q409.On average, how often do you use the Internet",float64,2007,1200,8,"{""1"": ""Throughout the day"", ""2"": ""At least once daily"", ""3"": ""Several times a week"", ""4"": ""Once a week"", ""5"": ""Less than once a week"", ""6"": ""I do not use the Internet"", ""98"": ""Don’t know"", ""99"": ""Refused to answer""}",,1.0,99.0,1;2,2007
65,Q421,Q421 What is your primary source of information to follow the breaking news as e,float64,1005,2202,8,"{""1"": ""Face to face conversations"", ""2"": ""Phone conversations"", ""3"": ""Newspapers"", ""4"": ""Radio"", ""5"": ""TV"", ""6"": ""Social media"", ""7"": ""Other"", ""98"": ""Don't know"", ""99"": ""Refused to answer""}",,1.0,98.0,1,1005
66,Q521_1,To what extent do you think that [Freedom to express opinions.] is guaranteed in,float64,3207,0,6,"{""1"": ""Guaranteed to a great extent"", ""2"": ""Guaranteed to a medium extent"", ""3"": ""Guaranteed to a limited extent"", ""4"": ""Not guaranteed at all"", ""98"": ""Don’t know"", ""99"": ""Decline to answer"", ""100"": ""Respondent refused to continue""}",,1.0,99.0,1;2;3,3207
67,Q521_2,Q521_2.Freedom of the media to criticize the things government does,float64,3207,0,6,"{""1"": ""Guaranteed to a great extent"", ""2"": ""Guaranteed to a medium extent"", ""3"": ""Guaranteed to a limited extent"", ""4"": ""Not guaranteed at all"", ""98"": ""Don’t know"", ""99"": ""Decline to answer"", ""100"": ""Respondent refused to continue""}",,1.0,99.0,1;2;3,3207
68,Q609,"Q609.In general, would you describe yourself as religious, somewhat religious, o",float64,3207,0,5,"{""1"": ""Religious"", ""2"": ""Somewhat religious"", ""3"": ""Not religious"", ""98"": ""Don’t know"", ""99"": ""Refused to answer"", ""100"": ""Respondent refused to continue""}",,1.0,99.0,1;2;3,3207
69,Q601_3,"Q601_3.In general, men are better at political leadership than women.",float64,1005,2202,6,"{""1"": ""Strongly agree"", ""2"": ""Agree"", ""3"": ""Disagree"", ""4"": ""Strongly disagree"", ""98"": ""Don’t know"", ""99"": ""Refused to answer""}",,1.0,99.0,1,1005
70,Q601_4,Q601_4.University education for males is more important than university educatio,float64,2205,1002,6,"{""1"": ""Strongly agree"", ""2"": ""Agree"", ""3"": ""Disagree"", ""4"": ""Strongly disagree"", ""98"": ""Don’t know"", ""99"": ""Refused to answer"", ""100"": ""Respondent refused to continue""}",,1.0,99.0,1;3,2205
71,Q601_18,Q601_18.A man should have final say in all decisions concerning the family.,float64,2205,1002,6,"{""1"": ""Strongly agree"", ""2"": ""Agree"", ""3"": ""Disagree"", ""4"": ""Strongly disagree"", ""98"": ""Don’t know"", ""99"": ""Refused to answer"", ""100"": ""Respondent refused to continue""}",,1.0,99.0,1;3,2205
72,Q700B_1,Favorability: United States,float64,3207,0,6,"{""1"": ""Very favorable"", ""2"": ""Somewhat favorable"", ""3"": ""Somewhat unfavorable"", ""4"": ""Very unfavorable"", ""98"": ""Don’t know"", ""99"": ""Refused to answer"", ""100"": ""Respondent refused to continue""}",,1.0,99.0,1;2;3,3207
73,Q700B_2,Favorability: Saudi Arabia,float64,1005,2202,6,"{""1"": ""Very favorable"", ""2"": ""Somewhat favorable"", ""3"": ""Somewhat unfavorable"", ""4"": ""Very unfavorable"", ""98"": ""Don’t know"", ""99"": ""Refused to answer""}",,1.0,99.0,1,1005
74,Q700B_3,Favorability: Iran,float64,1005,2202,6,"{""1"": ""Very favorable"", ""2"": ""Somewhat favorable"", ""3"": ""Somewhat unfavorable"", ""4"": ""Very unfavorable"", ""98"": ""Don’t know"", ""99"": ""Refused to answer""}",,1.0,99.0,1,1005
75,Q700B_13,Favorability: China,float64,3207,0,6,"{""1"": ""Very favorable"", ""2"": ""Somewhat favorable"", ""3"": ""Somewhat unfavorable"", ""4"": ""Very unfavorable"", ""98"": ""Don’t know"", ""99"": ""Refused to answer"", ""100"": ""Respondent refused to continue""}",,1.0,99.0,1;2;3,3207
76,Q725_1,Foreign policy evaluation of American President Joseph Biden,float64,3207,0,7,"{""1"": ""Very good"", ""2"": ""Good"", ""3"": ""Neither good nor bad"", ""4"": ""Bad"", ""5"": ""Very bad"", ""98"": ""Don’t know"", ""99"": ""Refused to answer"", ""100"": ""Respondent refused to continue""}",,1.0,99.0,1;2;3,3207
77,Q725_4,Foreign policy evaluation of Chinese President Xi Jinping,float64,3207,0,7,"{""1"": ""Very good"", ""2"": ""Good"", ""3"": ""Neither good nor bad"", ""4"": ""Bad"", ""5"": ""Very bad"", ""98"": ""Don’t know"", ""99"": ""Refused to answer"", ""100"": ""Respondent refused to continue""}",,1.0,99.0,1;2;3,3207
78,Q725_5,Foreign policy evaluation of Iranian Supreme Leader Ali Khameni,float64,1005,2202,7,"{""1"": ""Very good"", ""2"": ""Good"", ""3"": ""Neither good nor bad"", ""4"": ""Bad"", ""5"": ""Very bad"", ""98"": ""Don’t know"", ""99"": ""Refused to answer""}",,1.0,99.0,1,1005
79,Q725_6,Foreign policy evaluation of Saudi Prince Mohammed bin Salman,float64,1005,2202,7,"{""1"": ""Very good"", ""2"": ""Good"", ""3"": ""Neither good nor bad"", ""4"": ""Bad"", ""5"": ""Very bad"", ""98"": ""Don’t know"", ""99"": ""Refused to answer""}",,1.0,99.0,1,1005
80,Q7141A,Q7141a. What country poses the greatest threat to stability in your country?,float64,1005,2202,15,"{""1"": ""There is no country that poses a threat"", ""2"": ""The United States"", ""3"": ""The United Kingdom"", ""4"": ""Israel"", ""5"": ""Iran"", ""6"": ""Turkey"", ""7"": ""The European Union"", ""8"": ""Saudi Arabia"", ""9"": ""The United Arab Emirates"", ""10"": ""Syria"", ""11"": ""Russia"", ""12"": ""Libya"", ""13"": ""Yemen"", ""14"": ""Qatar"", ""15"": ""Other"", ""98"": ""Don’t know"", ""99"": ""Refused to answer""}",,1.0,99.0,1,1005
81,Q728_1,Threat to national security: The development of Chinese economic power,float64,1005,2202,5,"{""1"": ""Critical"", ""2"": ""Important but not critical"", ""3"": ""Not important"", ""98"": ""Don't know"", ""99"": ""Refused to answer""}",,1.0,99.0,1,1005
82,Q728_2,Threat to national security: The development of American economic power,float64,1005,2202,5,"{""1"": ""Critical"", ""2"": ""Important but not critical"", ""3"": ""Not important"", ""98"": ""Don't know"", ""99"": ""Refused to answer""}",,1.0,99.0,1,1005
83,Q728_3,Threat to national security: COVID-19,float64,1005,2202,5,"{""1"": ""Critical"", ""2"": ""Important but not critical"", ""3"": ""Not important"", ""98"": ""Don't know"", ""99"": ""Refused to answer""}",,1.0,99.0,1,1005
84,Q727_5,Infrastrucutre contract: Which country would you prefer to get the contract?,float64,2205,1002,8,"{""1"": ""United States"", ""2"": ""Germany"", ""3"": ""China"", ""4"": ""Turkey"", ""5"": ""France"", ""6"": ""Italy"", ""7"": ""United Kingdom"", ""97"": ""None of these countries"", ""98"": ""Don't know"", ""99"": ""Refused to answer""}",,1.0,99.0,1;3,2205
85,Q733,"Q733 Whose policies do you think will be better for the region, Donald Trump or",float64,0,3207,0,"{""1"": ""Trump"", ""2"": ""Biden"", ""96"": ""Both equally bad"", ""97"": ""Both equally good"", ""98"": ""Don't know"", ""99"": ""Refused to answer""}",,,,1,0
86,Q1003,Q1003. What is your highest level of education?,float64,3207,0,9,"{""1"": ""No formal education"", ""2"": ""Elementary"", ""3"": ""Preparatory/Basic"", ""4"": ""Secondary"", ""5"": ""Mid-level diploma/professional or technical"", ""6"": ""BA"", ""7"": ""MA and above"", ""98"": ""Don’t know"", ""99"": ""Refused to answer"", ""100"": ""Respondent refused to continue""}",,1.0,99.0,1;2;3,3207
87,Q1010,Q1010. What is your current social status?,float64,3207,0,8,"{""1"": ""Single/ Bachelor"", ""2"": ""Living with a partner"", ""3"": ""Engaged"", ""4"": ""Married"", ""5"": ""Divorced"", ""6"": ""Separated"", ""7"": ""Widowed"", ""99"": ""Refused to answer"", ""100"": ""Respondent refused to continue""}",,1.0,99.0,1;2;3,3207
88,Q1010B1,Q1010b1. Do you have children?,float64,2227,980,4,"{""1"": ""Yes"", ""2"": ""No"", ""98"": ""Don't know"", ""99"": ""Refused to answer"", ""100"": ""Respondent refused to continue""}",,1.0,99.0,1;2;3,2227
89,Q1014C,Q1014c. What is the total number of people who live in this household?,float64,3207,0,21,"{""99"": ""Refused"", ""999"": ""Refused to answer""}",,1.0,99999.0,1;2;3,3207
90,Q1005,Employment status,float64,3207,0,8,"{""1"": ""Employed"", ""2"": ""Self-Employed"", ""3"": ""Retired"", ""4"": ""A housewife"", ""5"": ""A student"", ""6"": ""Unemployed or looking for work"", ""7"": ""Other, specify: ___________"", ""98"": ""Don’t know"", ""99"": ""Refused to answer"", ""100"": ""Respondent refused to continue""}",,1.0,99.0,1;2;3,3207
91,Q1005B,Q1005b. You said you were retired. Do you receive a pension?,float64,280,2927,3,"{""1"": ""Yes"", ""2"": ""No"", ""98"": ""Don’t know"", ""99"": ""Refused to answer"", ""100"": ""Respondent refused to continue""}",,1.0,99.0,1;2;3,280
92,Q1006A,Q1006a. And what sector do you work in? Do you work in the…,float64,1398,1809,5,"{""1"": ""public sector"", ""2"": ""private sector"", ""3"": ""Other"", ""98"": ""Don’t know"", ""99"": ""Refused to answer"", ""100"": ""Respondent refused to continue""}",,1.0,99.0,1;2;3,1398
93,Q1016,Q1016.Which of these statements comes closest to describing your net household i,float64,3207,0,6,"{""1"": ""Our net household income covers our expenses and we are able to save."", ""2"": ""Our net household income covers our expenses without notable difficulties."", ""3"": ""Our net household income does not cover our expenses; we face some difficulties."", ""4"": ""Our net household income does not cover our expenses; we face significant difficulties."", ""98"": ""Don’t know"", ""99"": ""Refused to answer"", ""100"": ""Respondent refused to continue""}",,1.0,99.0,1;2;3,3207
94,Q1012,Q1012. What is your religion?,float64,3207,0,5,"{""1"": ""Muslim"", ""2"": ""Christian"", ""3"": ""Something else: SPECIFY_______"", ""4"": ""No religion"", ""99"": ""Refused to answer"", ""100"": ""Respondent refused to continue""}",,1.0,99.0,1;2;3,3207
95,Q1012A__P1,What is your religious denomination?,float64,0,3207,0,"{""1"": ""Maronite"", ""2"": ""Orthodox"", ""3"": ""Catholic"", ""4"": ""Armenian"", ""5"": ""Sunni"", ""6"": ""Shia"", ""10"": ""Druze"", ""11"": ""Just a Muslim"", ""99"": ""Refused to answer""}",,,,1,0
96,Q1011D,Q1011d. Do you share this mobile phone number with any other person or is it you,float64,3207,0,4,"{""1"": ""Shared with another person"", ""2"": ""Personal phone number"", ""98"": ""I don’t know"", ""99"": ""Declined to answer"", ""100"": ""Respondent refused to continue""}",,1.0,99.0,1;2;3,3207
97,Q1011E,Q1011e. How many mobile phone numbers do you have?,float64,3207,0,13,"{""99"": ""Declined to answer"", ""100"": ""Respondent refused to continue""}",,0.0,99.0,1;2;3,3207
98,Q1011F,Q1011f. Do you have a landline in the household where you currently live?,float64,3207,0,4,"{""1"": ""Yes"", ""2"": ""No"", ""98"": ""I don’t know"", ""99"": ""Declined to answer"", ""100"": ""Respondent refused to continue""}",,1.0,99.0,1;2;3,3207
99,QLIBGOV,QLIB_GOVT. Which of the following bodies governs the area where you currently li,float64,0,3207,0,"{""1"": ""Government of National Accord"", ""2"": ""House of Representatives"", ""3"": ""Other_ SPECIFY"", ""97"": ""Respondent hung up the phone"", ""98"": ""I don’t know"", ""99"": ""Declined to answer""}",,,,1;2,0
100,Q534_2,When you have private information that you would like to share with another trus,float64,2007,1200,7,"{""1"": ""Very secure"", ""2"": ""Somewhat secure"", ""3"": ""Not very secure"", ""4"": ""Not at all secure"", ""97"": ""Respondent hung up the phone"", ""98"": ""Don't know"", ""99"": ""Refused to answer""}",,1.0,99.0,1;2,2007
101,Q13A,Self-reported region type,float64,2202,1005,6,"{""1"": ""Big city"", ""2"": ""Village or town"", ""3"": ""Rural area"", ""4"": ""Refugee camp"", ""5"": ""IDP camp"", ""97"": ""Difficult to say"", ""98"": ""Don't know'"", ""99"": ""Refused to answer""}",,1.0,99.0,2;3,2202
102,Q123,"Q123 Among the following, which of the following should be the top priority for",float64,1002,2205,8,"{""1"": ""Education system"", ""2"": ""Healthcare system"", ""3"": ""Reduce environmental pollution"", ""4"": ""Improve roads and transportation"", ""5"": ""National security"", ""6"": ""Subsidies on energy products"", ""98"": ""Don't know"", ""99"": ""Refused to answer""}",,1.0,99.0,2,1002
103,Q110_1,"Q110_1 In the past 7 days, how often have you: Needed financial support for gett",float64,1002,2205,6,"{""1"": ""Every day (7 days)"", ""2"": ""Most days (4-6 days)"", ""3"": ""Some days (1-3 days)"", ""4"": ""Never (0 days)"", ""98"": ""Don’t know"", ""99"": ""Refused to answer""}",,1.0,99.0,2,1002
104,Q110_2,"Q110_2 In the past 7 days, how often have you: Had to rely on less preferred and",float64,1002,2205,6,"{""1"": ""Every day (7 days)"", ""2"": ""Most days (4-6 days)"", ""3"": ""Some days (1-3 days)"", ""4"": ""Never (0 days)"", ""98"": ""Don’t know"", ""99"": ""Refused to answer""}",,1.0,99.0,2,1002
105,Q204_3,Q204_3.Narrowing the gap between rich and poor,float64,1002,2205,7,"{""1"": ""Very good"", ""2"": ""Good"", ""3"": ""Bad"", ""4"": ""Very bad"", ""97"": ""This is not the government’s responsibility"", ""98"": ""Don’t know"", ""99"": ""Refused to answer""}",,1.0,99.0,2,1002
106,Q204_20,Q204_20.Keeping prices down,float64,2202,1005,7,"{""1"": ""Very good"", ""2"": ""Good"", ""3"": ""Bad"", ""4"": ""Very bad"", ""97"": ""This is not the government’s responsibility"", ""98"": ""Don’t know"", ""99"": ""Refused to answer"", ""100"": ""Respondent refused to continue""}",,1.0,99.0,2;3,2202
107,Q204_26,Q204_26.Supporting the poor during the COVID-19 outbreak,float64,1002,2205,6,"{""1"": ""Very good"", ""2"": ""Good"", ""3"": ""Bad"", ""4"": ""Very bad"", ""97"": ""This is not the government’s responsibility"", ""98"": ""Don’t know"", ""99"": ""Refused to answer""}",,1.0,98.0,2,1002
108,Q211A,Q211A.What is the most effective way the government could tackle corruption?,float64,985,2222,38,"{""1"": ""القضاء على الرشوة"", ""2"": ""تطبيق  القانون"", ""3"": ""استقلالية و نزاهة القضاء"", ""4"": ""المساواة امام القانون / قضاء عادل"", ""5"": ""تنفيذ حكم الاعدام/قطع اليد"", ""6"": ""المحاسبة / العقاب"", ""7"": ""الرقابة / فرض المراقبة"", ""8"": ""يجب على المواطن التبليغ على الفساد"", ""9"": ""فتح ملفات الفساد"", ""10"": ""الرقمنة"", ""11"": ""القضاء على الاجرام/المخدرات"", ""12"": ""التخلي على النهضة"", ""13"": ""الفساد هو من الحكومة /المشكل هي الحكومة في حد ذاتها"", ""14"": ""الردع / استعمال القوة/الديكتاتورية"", ""15"": ""الجكم بصرامة"", ""16"": ""توفير الامن و الجيش"", ""17"": ""التربية  والتعليم"", ""18"": ""الاهتمام بالمواطن مثلا مواطن شغل/غلا الأسعار"", ""19"": ""مقاومة التهريب"", ""20"": ""لا يوجد/أصبح من غير الممكن مقاومة الفساد"", ""21"": ""التصدي للتهرب الضريبي"", ""22"": ""اعتماد الحكم الرئاسي"", ""23"": ""التفاني في العمل/الضمير المهني"", ""24"": ""تحسين قطاع التعليم"", ""25"": ""تطبيق  من اين لك هذا"", ""26"": ""اصلاح النظام القضائي / إصلاح الدستور"", ""27"": ""المحاكمة علنا"", ""28"": ""دعم النشاط الاقتصادي"", ""29"": ""التركيز على الادارات"", ""30"": ""تعيين كفاءات / اصحاب ثقة"", ""31"": ""المحاكمة"", ""32"": ""فصل الفاسدين من العمل / العزل"", ""33"": ""الاتحاد / يد واحدة"", ""34"": ""ادماج جميع المواطنين و سماع ارائهم"", ""35"": ""اجابات اخرى"", ""36"": ""غير محدد"", ""37"": ""الاصلاح بصفة عامة"", ""98"": ""لا أعرف"", ""99"": ""رفض الإجابة""}",,1.0,99.0,2,985
109,Q271_1,Q271_1 Get admitted to university,float64,1002,2205,6,"{""1"": ""It’s always ok"", ""2"": ""It’s sometimes ok"", ""3"": ""It’s usually not ok"", ""4"": ""It’s never ok"", ""98"": ""Don’t know"", ""99"": ""Refused to answer""}",,1.0,99.0,2,1002
110,Q271_3,Q271_3 Skip a line at a doctor’s office,float64,1002,2205,6,"{""1"": ""It’s always ok"", ""2"": ""It’s sometimes ok"", ""3"": ""It’s usually not ok"", ""4"": ""It’s never ok"", ""98"": ""Don’t know"", ""99"": ""Refused to answer""}",,1.0,99.0,2,1002
111,Q521_4,Q521_4.Freedom to participate in peaceful protests and demonstrations,float64,2202,1005,6,"{""1"": ""Guaranteed to a great extent"", ""2"": ""Guaranteed to a medium extent"", ""3"": ""Guaranteed to a limited extent"", ""4"": ""Not guaranteed at all"", ""98"": ""Don’t know"", ""99"": ""Decline to answer"", ""100"": ""Respondent refused to continue""}",,1.0,99.0,2;3,2202
112,Q512A3_1,Q512A3_1.People choose their leaders in free elections,float64,1002,2205,6,"{""1"": ""Absolutely essential"", ""2"": ""Somewhat essential"", ""3"": ""Not very essential"", ""4"": ""Not at all essential"", ""98"": ""Don’t know"", ""99"": ""Refused to answer""}",,1.0,99.0,2,1002
113,Q512A3_2,"Q512A3_2.Basic necessities, like food, clothes and shelter, are provided for all",float64,1002,2205,6,"{""1"": ""Absolutely essential"", ""2"": ""Somewhat essential"", ""3"": ""Not very essential"", ""4"": ""Not at all essential"", ""98"": ""Don’t know"", ""99"": ""Refused to answer""}",,1.0,99.0,2,1002
114,Q512A3_5,Q512A3_5.All people have the same rights regardless of religion or ethnicity,float64,1002,2205,6,"{""1"": ""Absolutely essential"", ""2"": ""Somewhat essential"", ""3"": ""Not very essential"", ""4"": ""Not at all essential"", ""98"": ""Don’t know"", ""99"": ""Refused to answer""}",,1.0,99.0,2,1002
115,Q531,"Q531 In your opinion, how much value do you think there is in listening to peopl",float64,1002,2205,6,"{""1"": ""A great deal"", ""2"": ""Quite a lot"", ""3"": ""Not a lot"", ""4"": ""None at all"", ""98"": ""Don’t know"", ""99"": ""Refused to answer""}",,1.0,99.0,2,1002
116,Q532,Q532 How important do you think it is to have a popular leader who appeals to th,float64,1002,2205,6,"{""1"": ""Very important"", ""2"": ""Somewhat important"", ""3"": ""Not very important"", ""4"": ""Not important at all"", ""98"": ""Don’t know"", ""99"": ""Refused to answer""}",,1.0,99.0,2,1002
117,Q533_4,Q533_4 This country needs a leader who can bend the rules if necessary to get th,float64,1002,2205,6,"{""1"": ""Strongly agree"", ""2"": ""Somewhat agree"", ""3"": ""Somewhat disagree"", ""4"": ""Strongly disagree"", ""98"": ""Don’t know"", ""99"": ""Refused to answer""}",,1.0,99.0,2,1002
118,Q533_5,Q533_5 As long as the government can maintain order and stability in the country,float64,1002,2205,6,"{""1"": ""Strongly agree"", ""2"": ""Somewhat agree"", ""3"": ""Somewhat disagree"", ""4"": ""Strongly disagree"", ""98"": ""Don’t know"", ""99"": ""Refused to answer""}",,1.0,99.0,2,1002
119,Q700B_8,Q700b_8.Russia,float64,1002,2205,6,"{""1"": ""Very favorable"", ""2"": ""Somewhat favorable"", ""3"": ""Somewhat unfavorable"", ""4"": ""Very unfavorable"", ""98"": ""Don’t know"", ""99"": ""Refused to answer""}",,1.0,99.0,2,1002
120,Q700B_4,Q700b_4.Turkey,float64,1002,2205,6,"{""1"": ""Very favorable"", ""2"": ""Somewhat favorable"", ""3"": ""Somewhat unfavorable"", ""4"": ""Very unfavorable"", ""98"": ""Don’t know"", ""99"": ""Refused to answer""}",,1.0,99.0,2,1002
121,Q725_3,Q725_3.Turkish President Recep Tayyip Erdoğan,float64,1002,2205,7,"{""1"": ""Very good"", ""2"": ""Good"", ""3"": ""Neither good nor bad"", ""4"": ""Bad"", ""5"": ""Very bad"", ""98"": ""Don’t know"", ""99"": ""Refused to answer""}",,1.0,99.0,2,1002
122,Q725_2,Q725_2.Russian President Vladimir Putin,float64,1002,2205,7,"{""1"": ""Very good"", ""2"": ""Good"", ""3"": ""Neither good nor bad"", ""4"": ""Bad"", ""5"": ""Very bad"", ""98"": ""Don’t know"", ""99"": ""Refused to answer""}",,1.0,99.0,2,1002
123,Q729_3A,Q729_3A Advances women’s rights,float64,1002,2205,6,"{""1"": ""To a great extent"", ""2"": ""To a limited extent"", ""3"": ""To a small extent"", ""4"": ""Not at all"", ""98"": ""Don’t know"", ""99"": ""Refused to answer""}",,1.0,99.0,2,1002
124,Q729_3B,Q729_3B Strengthens civil society,float64,1002,2205,6,"{""1"": ""To a great extent"", ""2"": ""To a limited extent"", ""3"": ""To a small extent"", ""4"": ""Not at all"", ""98"": ""Don’t know"", ""99"": ""Refused to answer""}",,1.0,99.0,2,1002
125,Q731,"Q731 In your opinion, which of the following countries in MENA is most in need o",float64,1002,2205,10,"{""1"": ""Our country"", ""2"": ""Lebanon"", ""3"": ""Palestine"", ""4"": ""Sudan"", ""5"": ""Syria"", ""6"": ""Yemen"", ""7"": ""Other"", ""97"": ""No country is in need of aid"", ""98"": ""Don’t know"", ""99"": ""Decline to answer""}",,1.0,99.0,2,1002
126,Q732,Q732 To what extent do you think that American foreign policy toward MENA will c,float64,1002,2205,6,"{""1"": ""To a great extent"", ""2"": ""To a medium extent"", ""3"": ""To a small extent"", ""4"": ""Not at all"", ""98"": ""Don’t know"", ""99"": ""Decline to answer""}",,1.0,99.0,2,1002
127,Q733_1,Q733_1 The region,float64,1002,2205,6,"{""1"": ""Donald Trump"", ""2"": ""Joseph Biden"", ""96"": ""Both candidates’ policies would be equally bad"", ""97"": ""Both candidates’ policies would be equally good"", ""98"": ""Don’t know"", ""99"": ""Refused to answer""}",,1.0,99.0,2,1002
128,Q733_2,Q733_2 Ending the crisis in Syria,float64,1002,2205,6,"{""1"": ""Donald Trump"", ""2"": ""Joseph Biden"", ""96"": ""Both candidates’ policies would be equally bad"", ""97"": ""Both candidates’ policies would be equally good"", ""98"": ""Don’t know"", ""99"": ""Refused to answer""}",,1.0,99.0,2,1002
129,Q733_3,Q733_3 A just solution to the Israeli- Palestinian question,float64,1002,2205,6,"{""1"": ""Donald Trump"", ""2"": ""Joseph Biden"", ""96"": ""Both candidates’ policies would be equally bad"", ""97"": ""Both candidates’ policies would be equally good"", ""98"": ""Don’t know"", ""99"": ""Refused to answer""}",,1.0,99.0,2,1002
130,Q733_4,Q733_4 Defending human rights in the region,float64,1002,2205,6,"{""1"": ""Donald Trump"", ""2"": ""Joseph Biden"", ""96"": ""Both candidates’ policies would be equally bad"", ""97"": ""Both candidates’ policies would be equally good"", ""98"": ""Don’t know"", ""99"": ""Refused to answer""}",,1.0,99.0,2,1002
131,Q733_5,Q733_5 Your country,float64,1002,2205,6,"{""1"": ""Donald Trump"", ""2"": ""Joseph Biden"", ""96"": ""Both candidates’ policies would be equally bad"", ""97"": ""Both candidates’ policies would be equally good"", ""98"": ""Don’t know"", ""99"": ""Refused to answer""}",,1.0,99.0,2,1002
132,Q734,Q734 To what extent do you favor or oppose the normalization of relations betwee,float64,1002,2205,6,"{""1"": ""Strongly favor"", ""2"": ""Favor"", ""3"": ""Oppose"", ""4"": ""Strongly oppose"", ""98"": ""Don’t know"", ""99"": ""Refused to answer""}",,1.0,99.0,2,1002
133,Q735,Q735 To what extent do you favor or oppose the decision of the Sudan to separate,float64,1002,2205,6,"{""1"": ""Strongly favor"", ""2"": ""Favor"", ""3"": ""Oppose"", ""4"": ""Strongly oppose"", ""98"": ""Don’t know"", ""99"": ""Refused to answer""}",,1.0,99.0,2,1002
134,Q1012A__P2,Q1012a. What is your religious denomination?,float64,0,3207,0,"{""1"": ""Maronite"", ""2"": ""Orthodox"", ""3"": ""Catholic"", ""4"": ""Armenian"", ""5"": ""Sunni"", ""6"": ""Shia"", ""7"": ""Sunni"", ""8"": ""Shia"", ""9"": ""Ja’fari"", ""10"": ""Druze"", ""11"": ""Ahmadiyya"", ""12"": ""Druze"", ""13"": ""Just a Muslim"", ""14"": ""Alawi"", ""15"": ""Just muslim"", ""16"": ""Malki"", ""17"": ""Coptic"", ""18"": ""Protestant"", ""19"": ""Sabean Mandean"", ""20"": ""Other"", ""98"": ""Don’t know"", ""99"": ""Refused to answer""}",,,,2,0
135,Q605,"Q605.From your point of view, should the laws of our country…",float64,991,2216,7,"{""1"": ""entirely be based on the sharia"", ""2"": ""mostly be based on the sharia"", ""3"": ""equally be based on sharia and the will of the people"", ""4"": ""mostly be based on the will of the people"", ""5"": ""entirely be based on the will of the people"", ""98"": ""Don’t know"", ""99"": ""Refused to answer""}",,1.0,99.0,2,991
136,Q409_NEW,Q409NEW.How often do you use a VPN or proxy IP address when using the Internet?,float64,747,2460,7,"{""1"": ""Always"", ""2"": ""Sometimes"", ""3"": ""Never"", ""96"": ""Respondent did not know what a proxy or IP address is"", ""97"": ""Respondent hung up the phone"", ""98"": ""Don’t know"", ""99"": ""Refused to answer""}",,1.0,99.0,2,747
137,Q534_1,Q534_1 Using a landline,float64,1002,2205,7,"{""1"": ""Very secure"", ""2"": ""Somewhat secure"", ""3"": ""Not very secure"", ""4"": ""Not at all secure"", ""97"": ""Respondent hung up the phone"", ""98"": ""Don’t know"", ""99"": ""Refused to answer""}",,1.0,99.0,2,1002
138,Q12COVID19_3,"Do you think the coronavirus has had a less harmful impact, about the same impac",float64,1200,2007,6,"{""1"": ""Less harmful impact"", ""2"": ""About the same impact"", ""3"": ""More harmful impact"", ""97"": ""I am a member of this group"", ""98"": ""Don’t know"", ""99"": ""Refused to answer"", ""100"": ""Respondent refused to continue""}",,1.0,99.0,3,1200
139,Q12COVID19_4,Citizens who live in rural areas,float64,1200,2007,6,"{""1"": ""Less harmful impact"", ""2"": ""About the same impact"", ""3"": ""More harmful impact"", ""97"": ""I am a member of this group"", ""98"": ""Don’t know"", ""99"": ""Refused to answer"", ""100"": ""Respondent refused to continue""}",,1.0,99.0,3,1200
140,Q12COVID19_5A,"Do you think the coronavirus has had a less harmful impact, about the same impa",float64,0,3207,0,"{""1"": ""Less harmful impact"", ""2"": ""About the same impact"", ""3"": ""More harmful impact"", ""97"": ""I am a member of this group"", ""98"": ""DK"", ""99"": ""RA"", ""100"": ""Refuse to continue""}",,,,3,0
141,Q12COVID19_5B,Migrants,float64,1200,2007,5,"{""1"": ""Less harmful impact"", ""2"": ""About the same impact"", ""3"": ""More harmful impact"", ""97"": ""I am a member of this group"", ""98"": ""Don’t know"", ""99"": ""Refused to answer"", ""100"": ""Respondent refused to continue""}",,1.0,99.0,3,1200
142,Q13COVID19,"If it became available, how likely are you to get the vaccine if it was availabl",float64,1200,2007,6,"{""1"": ""Very likely"", ""2"": ""Somewhat likely"", ""3"": ""Somewhat unlikely"", ""4"": ""Very unlikely"", ""97"": ""I already got the vaccine"", ""98"": ""Don’t know"", ""99"": ""Refused to answer"", ""100"": ""Respondent refused to continue""}",,1.0,98.0,3,1200
143,Q14COVID19,"If you had the choice, which of the following vaccines would you prefer to get",float64,1194,2013,7,"{""1"": ""Vaccine developed in the US"", ""2"": ""Vaccine developed in Russia"", ""3"": ""Vaccine developed in China"", ""4"": ""Vaccine developed in the UK"", ""97"": ""I would not get any of these"", ""98"": ""Don't know"", ""99"": ""Refused to answer""}",,1.0,99.0,3,1194
144,Q15COVID19_1,"In order of importance, which of the following are the two biggest challenges th",float64,1200,2007,10,"{""1"": ""Having contracted or coping with long-term side effects of COVID-19"", ""2"": ""Adverse effects on psycho-emotional state (nafsiyeh)"", ""3"": ""Disruption of my kids’ education"", ""4"": ""Constraints on political activity"", ""5"": ""Increased cost of living (inflation)"", ""6"": ""Decreased availability of basic goods (scarcity)"", ""7"": ""Loss of income"", ""8"": ""Other_____ Specify"", ""98"": ""Don’t know"", ""99"": ""Refused to answer"", ""100"": ""Respondent refused to continue""}",,1.0,99.0,3,1200
145,Q15COVID19_2,"In order of importance, which of the following are the two biggest challenges th",float64,1178,2029,10,"{""1"": ""Having contracted or coping with long-term side effects of COVID-19"", ""2"": ""Adverse effects on psycho-emotional state (nafsiyeh)"", ""3"": ""Disruption of my kids’ education"", ""4"": ""Constraints on political activity"", ""5"": ""Increased cost of living (inflation)"", ""6"": ""Decreased availability of basic goods (scarcity)"", ""7"": ""Loss of income"", ""8"": ""Other_____ Specify"", ""97"": ""There is no second answer"", ""98"": ""Don’t know"", ""99"": ""Refused to answer"", ""100"": ""Respondent refused to continue""}",,1.0,99.0,3,1178
146,Q16COVID19,Have you or your household received any relief aid from the government during th,float64,1200,2007,7,"{""1"": ""No"", ""2"": ""Yes- money"", ""3"": ""Yes- food"", ""4"": ""Yes- energy subsidies"", ""5"": ""Yes- other NFI"", ""6"": ""Yes- grace period for bills"", ""7"": ""Yes- other"", ""23"": ""Yes-Money AND food (respondent selected both)"", ""26"": ""Yes-Food AND grace period (responded selected both)"", ""98"": ""Don't know"", ""99"": ""Refused to answer""}",,1.0,99.0,3,1200
147,Q102,What do you think will be the economic situation in your country during the next,float64,1200,2007,7,"{""1"": ""Much better"", ""2"": ""Somewhat better"", ""3"": ""Almost the same"", ""4"": ""Somewhat worse"", ""5"": ""Much worse"", ""98"": ""Don’t know"", ""99"": ""Refused to answer"", ""100"": ""Respondent refused to continue""}",,1.0,99.0,3,1200
148,Q112_1,“We worried our food would run out before we got money to buy more”,float64,1200,2007,5,"{""1"": ""Often true"", ""2"": ""Sometimes true"", ""3"": ""Never true"", ""98"": ""Don't know"", ""99"": ""Refused to answer""}",,1.0,99.0,3,1200
149,Q112_2,“The food that we bought did not last and we did not have money to get more”,float64,1200,2007,4,"{""1"": ""Often true"", ""2"": ""Sometimes true"", ""3"": ""Never true"", ""98"": ""Don't know"", ""99"": ""Refused to answer""}",,1.0,98.0,3,1200
150,Q601_1,"For each of the statements listed below, please indicate whether you agree stron",float64,1200,2007,6,"{""1"": ""Strongly agree"", ""2"": ""Agree"", ""3"": ""Disagree"", ""4"": ""Strongly disagree"", ""98"": ""Don’t know"", ""99"": ""Refused to answer"", ""100"": ""Respondent refused to continue""}",,1.0,99.0,3,1200
151,Q601_19,All primary and secondary schools should be coeducational (i.e. not separating g,float64,1200,2007,6,"{""1"": ""Strongly agree"", ""2"": ""Agree"", ""3"": ""Disagree"", ""4"": ""Strongly disagree"", ""98"": ""Don't know"", ""99"": ""Refused to answer""}",,1.0,99.0,3,1200
152,Q601_20,Taking care of the home and children is a woman’s primary responsibility,float64,1200,2007,6,"{""1"": ""Strongly agree"", ""2"": ""Agree"", ""3"": ""Disagree"", ""4"": ""Strongly disagree"", ""98"": ""Don't know"", ""99"": ""Refused to answer""}",,1.0,99.0,3,1200
153,Q620,To what extent do you personally agree or disagree with the following statement:,float64,1200,2007,6,"{""1"": ""Completely agree"", ""2"": ""Somewhat agree"", ""3"": ""Disagree"", ""4"": ""Completely disagree"", ""98"": ""Don't know"", ""99"": ""Refused to answer""}",,1.0,99.0,3,1200
154,Q619_1A,Barrier to entry into workplace for women: Lack of means of transportation,float64,1200,2007,6,"{""1"": ""To a great extent"", ""2"": ""To a medium extent"", ""3"": ""To a small extent"", ""4"": ""Not at all"", ""98"": ""Don't know"", ""99"": ""Refused to answer""}",,1.0,99.0,3,1200
155,Q619_1B,Barrier to entry into workplace for women: Lack of childcare options,float64,1200,2007,6,"{""1"": ""To a great extent"", ""2"": ""To a medium extent"", ""3"": ""To a small extent"", ""4"": ""Not at all"", ""98"": ""Don't know"", ""99"": ""Refused to answer""}",,1.0,99.0,3,1200
156,Q619_3A,Barrier to entry into workplace for women: Women working alongside men,float64,1200,2007,6,"{""1"": ""To a great extent"", ""2"": ""To a medium extent"", ""3"": ""To a small extent"", ""4"": ""Not at all"", ""98"": ""Don't know"", ""99"": ""Refused to answer""}",,1.0,99.0,3,1200
157,Q619_4A,Barrier to entry into workplace for women: Low wages,float64,1200,2007,6,"{""1"": ""To a great extent"", ""2"": ""To a medium extent"", ""3"": ""To a small extent"", ""4"": ""Not at all"", ""98"": ""Don't know"", ""99"": ""Refused to answer""}",,1.0,99.0,3,1200
158,Q619_5A,Barrier to entry into workplace for women: Men are given priority for employment,float64,1200,2007,6,"{""1"": ""To a great extent"", ""2"": ""To a medium extent"", ""3"": ""To a small extent"", ""4"": ""Not at all"", ""98"": ""Don't know"", ""99"": ""Refused to answer""}",,1.0,99.0,3,1200
159,Q601A,To achieve fairer representation a certain percentage of elected positions shoul,float64,0,3207,0,"{""1"": ""Strongly agree"", ""2"": ""Agree"", ""3"": ""Disagree"", ""4"": ""Strongly disagree"", ""97"": ""A female quota is the wrong tool to achieve (political) representation"", ""98"": ""Don’t know"", ""99"": ""Refused to answer"", ""100"": ""Respondent refused to continue""}",,,,3,0
160,QLIB1,To what extent do you believe that geographic quotas are the ideal solution to t,float64,0,3207,0,"{""1"": ""To a great extent"", ""2"": ""To a medium extent"", ""3"": ""To a small extent"", ""4"": ""Not at all"", ""98"": ""Don’t know"", ""99"": ""Refused to answer"", ""100"": ""Respondent refused to continue""}",,,,3,0
161,Q204_11,How would you evaluate the current government’s performance on: Providing secu,float64,1200,2007,7,"{""1"": ""Very good"", ""2"": ""Good"", ""3"": ""Bad"", ""4"": ""Very bad"", ""97"": ""This is not the government’s responsibility"", ""98"": ""Don’t know"", ""99"": ""Refused to answer"", ""100"": ""Respondent refused to continue""}",,1.0,99.0,3,1200
162,Q700B_23,Favorability: Germany,float64,1200,2007,6,"{""1"": ""Very favorable"", ""2"": ""Somewhat favorable"", ""3"": ""Somewhat unfavorable"", ""4"": ""Very unfavorable"", ""98"": ""Don’t know"", ""99"": ""Refused to answer"", ""100"": ""Respondent refused to continue""}",,1.0,99.0,3,1200
163,Q700B_5,Favorability: France,float64,1200,2007,6,"{""1"": ""Very favorable"", ""2"": ""Somewhat favorable"", ""3"": ""Somewhat unfavorable"", ""4"": ""Very unfavorable"", ""98"": ""Don’t know"", ""99"": ""Refused to answer"", ""100"": ""Respondent refused to continue""}",,1.0,99.0,3,1200
164,Q725_23,Foreign policy evaluation of German Prime Minister Angela Merkel,float64,1200,2007,7,"{""1"": ""Very good"", ""2"": ""Good"", ""3"": ""Neither good nor bad"", ""4"": ""Bad"", ""5"": ""Very bad"", ""98"": ""Don’t know"", ""99"": ""Refused to answer"", ""100"": ""Respondent refused to continue""}",,1.0,99.0,3,1200
165,Q725_15,Foreign policy evaluation of French President Emmanuel Macron,float64,1200,2007,7,"{""1"": ""Very good"", ""2"": ""Good"", ""3"": ""Neither good nor bad"", ""4"": ""Bad"", ""5"": ""Very bad"", ""98"": ""Don’t know"", ""99"": ""Refused to answer"", ""100"": ""Respondent refused to continue""}",,1.0,99.0,3,1200
166,Q732B,To what extent do you think that American foreign policy toward the Middle East,float64,1200,2007,6,"{""1"": ""To a great extent"", ""2"": ""To a medium extent"", ""3"": ""To a small extent"", ""4"": ""Not at all"", ""98"": ""Don't know"", ""99"": ""Refused to answer""}",,1.0,99.0,3,1200
167,Q730B,To which of the following areas would you most prefer foreign aid to your countr,float64,1200,2007,10,"{""1"": ""Women’s rights"", ""2"": ""Environmental protection and combatting climate change"", ""3"": ""Civil society development"", ""4"": ""Building infrastructure"", ""5"": ""Improving education and vocational training"", ""6"": ""Promoting civil liberties/ freedoms"", ""7"": ""Other"", ""97"": ""I do not want foreign"", ""98"": ""Don't know"", ""99"": ""Refused to answer""}",,1.0,99.0,3,1200
168,Q734A,To what extent do you favor or oppose the normalization of relations between the,float64,0,3207,0,"{""1"": ""Strongly favor"", ""2"": ""Favor"", ""3"": ""Oppose"", ""4"": ""Strongly oppose"", ""98"": ""Don't know"", ""99"": ""Refused to answer""}",,,,3,0
169,Q734B,To what extent do you favor or oppose the normalization of relations between Mor,float64,1200,2007,6,"{""1"": ""Strongly favor"", ""2"": ""Favor"", ""3"": ""Oppose"", ""4"": ""Strongly oppose"", ""98"": ""Don't know"", ""99"": ""Refused to answer""}",,1.0,99.0,3,1200
170,Q727_1,Infrastructure contract: Which country would build the highest quality?,float64,1200,2007,8,"{""1"": ""United States"", ""2"": ""Germany"", ""3"": ""China"", ""4"": ""Turkey"", ""5"": ""France"", ""6"": ""Italy"", ""7"": ""United Kingdom"", ""97"": ""None of these countries"", ""98"": ""Don't know"", ""99"": ""Refused to answer""}",,1.0,99.0,3,1200
171,Q727_4,Infrastructure contract: Which country would treat the local workforce the best?,float64,1200,2007,8,"{""1"": ""United States"", ""2"": ""Germany"", ""3"": ""China"", ""4"": ""Turkey"", ""5"": ""France"", ""6"": ""Italy"", ""7"": ""United Kingdom"", ""97"": ""None of these countries"", ""98"": ""Don't know"", ""99"": ""Refused to answer""}",,1.0,99.0,3,1200
172,Q104,Have you ever thought about emigrating from your country?,float64,1200,2007,4,"{""1"": ""Yes"", ""2"": ""No"", ""98"": ""Don’t know"", ""99"": ""Refused to answer"", ""100"": ""Respondent refused to continue""}",,1.0,99.0,3,1200
173,Q104A_1,Reason for emmigration: Economic reasons,float64,583,2624,2,"{""0"": ""No"", ""1"": ""Yes""}",,0.0,1.0,3,583
174,Q104A_2,Reason for emmigration: Political reasons,float64,583,2624,2,"{""0"": ""No"", ""1"": ""Yes""}",,0.0,1.0,3,583
175,Q104A_3,Reason for emmigration: Religious reasons,float64,583,2624,2,"{""0"": ""No"", ""1"": ""Yes""}",,0.0,1.0,3,583
176,Q104A_4,Reason for emmigration: Security reasons,float64,583,2624,2,"{""0"": ""No"", ""1"": ""Yes""}",,0.0,1.0,3,583
177,Q104A_5,Reason for emmigration: Education,float64,583,2624,2,"{""0"": ""No"", ""1"": ""Yes""}",,0.0,1.0,3,583
178,Q104A_6,Reason for emmigration: Reunite with family,float64,583,2624,2,"{""0"": ""No"", ""1"": ""Yes""}",,0.0,1.0,3,583
179,Q104A_7,Reason for emmigration: Corruption,float64,583,2624,2,"{""0"": ""No"", ""1"": ""Yes""}",,0.0,1.0,3,583
180,Q104A_8,Reason for emmigration: Other specify,float64,0,3207,0,"{""0"": ""No"", ""1"": ""Yes""}",,,,3,0
181,Q1010B2,"Are any of your children primary, middle, or secondary school-aged?",float64,701,2506,3,"{""1"": ""Yes"", ""2"": ""No"", ""98"": ""Don’t know"", ""99"": ""Refused to answer"", ""100"": ""Respondent refused to continue""}",,1.0,98.0,3,701
182,Q1005C,Are you looking for a job?,float64,218,2989,3,"{""1"": ""Yes"", ""2"": ""No"", ""98"": ""Don’t know"", ""99"": ""Refused to answer"", ""100"": ""Respondent refused to continue""}",,1.0,98.0,3,218
183,Q1005D,Why are you not looking for a job?,float64,43,3164,8,"{""1"": ""No jobs available"", ""2"": ""Salaries are too low"", ""3"": ""No jobs for my specialization"", ""4"": ""Family obligations prevent me"", ""5"": ""I am not allowed"", ""6"": ""Other______ SPECIFY"", ""98"": ""Don’t know"", ""99"": ""Refused to answer"", ""100"": ""Respondent refused to continue""}",,1.0,99.0,3,43
184,Q1005E,"Since the beginning of the coronavirus pandemic, has the amount of housework you",float64,188,3019,7,"{""1"": ""Increased a lot"", ""2"": ""Increased a little"", ""3"": ""Stayed the same"", ""4"": ""Decreased a little"", ""5"": ""Decreased a lot"", ""98"": ""Don’t know"", ""99"": ""Refused to answer"", ""100"": ""Respondent refused to continue""}",,1.0,99.0,3,188
185,Q1006B_CODE,"Post-code: In a few words, can you tell me what industry you work in?",float64,528,2679,21,"{""1"": ""Agriculture, livestock rearing, fishing"", ""2"": ""Arts and entertainment"", ""3"": ""Beauty and salon services"", ""4"": ""Exploration and drilling"", ""5"": ""Industry"", ""6"": ""Electricity, gas and water"", ""7"": ""Construction work"", ""8"": ""Wholesale and retail sale, auto repair"", ""9"": ""Hotels, restaurants, tourism"", ""10"": ""Transportation and warehousing"", ""11"": ""Financial intermediation, brokerage"", ""12"": ""Real estate, leasing and business"", ""13"": ""Government, public administration, and defense"", ""14"": ""International organizations and agencies"", ""15"": ""Local nongovernmental or nonprofit work"", ""16"": ""Education and research"", ""17"": ""Health and social work"", ""18"": ""Information technology and communication"", ""19"": ""Media and journalism"", ""20"": ""Other"", ""99"": ""Refused to answer""}",,1.0,99.0,3,528
186,Q1012A__P3,What is your religious denomination?,float64,0,3207,0,"{""1"": ""Maronite"", ""2"": ""Orthodox"", ""3"": ""Catholic"", ""4"": ""Armenian"", ""5"": ""Sunni"", ""6"": ""Shia"", ""7"": ""Shafi'i'"", ""8"": ""Ja'fari"", ""9"": ""Malki"", ""10"": ""Druze"", ""11"": ""Just a Muslim"", ""12"": ""Other"", ""99"": ""Refused to answer""}",,,,3,0
187,Q1012B,What is your ethnicity?,float64,0,3207,0,"{""1"": ""Arab"", ""2"": ""Kurd"", ""3"": ""Amazigh"", ""4"": ""Turkmen"", ""5"": ""Tourag"", ""7"": ""Alkraghl"", ""8"": ""Yazidi"", ""9"": ""Assyrian"", ""12"": ""Other"", ""98"": ""Don't know"", ""99"": ""Refused to answer""}",,,,3,0
188,Q602_1,"For each of the following types of people, please tell me whether you would like",float64,1200,2007,7,"{""1"": ""Strongly dislike"", ""2"": ""Somewhat dislike"", ""3"": ""Would not care"", ""4"": ""Somewhat like"", ""5"": ""Strongly like"", ""98"": ""Don’t know"", ""99"": ""Refused to answer"", ""100"": ""Respondent refused to continue""}",,1.0,99.0,3,1200
189,Q602_2,People of a different race or color,float64,1200,2007,7,"{""1"": ""Strongly dislike"", ""2"": ""Somewhat dislike"", ""3"": ""Would not care"", ""4"": ""Somewhat like"", ""5"": ""Strongly like"", ""98"": ""Don’t know"", ""99"": ""Refused to answer"", ""100"": ""Respondent refused to continue""}",,1.0,99.0,3,1200
190,Q602_3,Immigrants or foreign workers,float64,1200,2007,7,"{""1"": ""Strongly dislike"", ""2"": ""Somewhat dislike"", ""3"": ""Would not care"", ""4"": ""Somewhat like"", ""5"": ""Strongly like"", ""98"": ""Don’t know"", ""99"": ""Refused to answer"", ""100"": ""Respondent refused to continue""}",,1.0,99.0,3,1200
191,Q602_4A,People of a different sect of Islam,float64,1179,2028,7,"{""1"": ""Strongly dislike"", ""2"": ""Somewhat dislike"", ""3"": ""Would not care"", ""4"": ""Somewhat like"", ""5"": ""Strongly like"", ""98"": ""Don’t know"", ""99"": ""Refused to answer"", ""100"": ""Respondent refused to continue""}",,1.0,99.0,3,1179
192,Q602_4B,People of a different sect of Christianity,float64,4,3203,4,"{""1"": ""Strongly dislike"", ""2"": ""Somewhat dislike"", ""3"": ""Would not care"", ""4"": ""Somewhat like"", ""5"": ""Strongly like"", ""98"": ""Don’t know"", ""99"": ""Refused to answer"", ""100"": ""Respondent refused to continue""}",,1.0,5.0,3,4
