series,survey,variable,question_text,facets,concordance_group
arab-barometer,ab-w02,q213,"q213 Some people say that nowadays it is impossible to obtain a job without connections, while others say that jobs are only available to qualified candidates. Based on a recent experience (or experiences) you are personally aware of, do you think that",connections,
arab-barometer,ab-w03,q213,"q213 Some people say it is impossible to obtain a job without connections, while others say that jobs are only available to qualified candidates. Based on recent experience(s) you are personally aware of, do you think that",connections,
arab-barometer,ab-w04,q213,"Some people say that nowadays it is impossible toget a job without connections (wasta) while otherssay that jobs are only available to qualifiedcandidates. Based on a recent experience (orexperiences) you are personally aware of, do youthink that … ?",connections,
arab-barometer,ab-w05,Q213A_2,CORRUPTION: DEFINITION: OFFICIAL PROVDING WASTA FOR RELATIVES,connections,
arab-barometer,ab-w05,Q213B,CORRUPTION: WASTA: JOBS,connections,
arab-barometer,ab-w07,Q122_6,Q122_6. Do public sector and private sector jobs require more wasta?,connections,
arab-barometer,ab-w08,Q552_2B,Q552_2B Contacted government officials or institutions using wasta,connections,
afrobarometer,afro-w05,Q56B,Q56b. How often people treated unequally,discrimination,Q0378
afrobarometer,afro-w05,Q98C_ARB,Q98c. arb. How often religious group treated unfairly,discrimination,
afrobarometer,afro-w06,Q51B,Q51b. How often people treated unequally,discrimination,Q0378
afrobarometer,afro-w07,Q42D,Q42d. How often people treated unequally,discrimination,Q0378
afrobarometer,afro-w07,Q86B,Q86b. Experienced discrimination based on religion,discrimination,
afrobarometer,afro-w07,Q86C,Q86c. Experienced discrimination based on ethnicity,discrimination,
afrobarometer,afro-w07,Q86D,Q86d. Experienced discrimination based on disability,discrimination,
afrobarometer,afro-w08,Q40E,Q40e. How often people treated unequally,discrimination,Q0378
afrobarometer,afro-w08,Q5,Q5. Treated unfairly by government based on economic status,discrimination,
afrobarometer,afro-w08,Q82A,Q82a. Ethnic group treated unfairly by government,discrimination,Q0751
afrobarometer,afro-w08,Q84A,Q84a. Unfair treatment by other people based on economic status,discrimination,
afrobarometer,afro-w08,Q84B,Q84b. Unfair treatment by other people based on religion,discrimination,
afrobarometer,afro-w08,Q84C,Q84c. Unfair treatment by other people based on ethnicity,discrimination,
afrobarometer,afro-w08,Q98B,Q98b. Religious group treated unfairly by government,discrimination,
afrobarometer,afro-w10,Q34D,Q34d. How often people treated unequally under law,discrimination,
afrobarometer,afro-w10,Q83B,Q83b. Ethnic group treated unfairly by government,discrimination,Q0751
arab-barometer,ab-w07,Q872,Q872. Do you believe racial discrimination is a serious problem in your country?,discrimination,
arab-barometer,ab-w07,Q872_MAUR,Q872_MAUR. Do you believe racial discrimination is a serious problem in your country?,discrimination,
arab-barometer,ab-w07,Q873A,Q873A. Do you believe dark skinned people in your country face racial discrimination?,discrimination,
arab-barometer,ab-w07,Q873B,Q873B. Do you believe black people in your country face racial discrimination?,discrimination,
arab-barometer,ab-w07,Q873B_MAUR,Q873B_MAUR. Do you believe black people in your country face racial discrimination?,discrimination,
arab-barometer,ab-w07,Q874,Q874. Have you ever had someone use a racist or discriminatory phrase against you?,discrimination,
arab-barometer,ab-w07,Q905,Q905. To what extent do you think Sub-Saharan migrants are discriminated against in your country?,discrimination,
arab-barometer,ab-w08,Q872A,Q872A To what extent do you believe racial discrimination is a serious problem in?,discrimination,
arab-barometer,ab-w08,Q872B,Q872B Do you believe discrimination on the basis of race or ethnicity is a serious problem in?,discrimination,
arab-barometer,ab-w08,Q872C_PAL,[PROGRAMER: IF COUNTRY==15] To what extent do you believe racial discrimination by Israelis against Palestinians is a serious problem in the West Bank and Gaza?,discrimination,
arab-barometer,ab-w08,Q879,Q879 You said people in face discrimination because of ${Q879_text}. Which of these poses the biggest problem in? Is it discrimination based on…,discrimination,
arab-barometer,ab-w08,Q882,"In the past year, have you personally faced discrimination?",discrimination,
arab-barometer,ab-w08,Q883,"In your opinion, what is the main reason for being discriminated against? Was it because of your…",discrimination,
arab-barometer,ab-w08,Q884A_1,Q884A In which of the following circumstances have you faced discrimination because of ${Q884_1_text}? Please tell me all that apply from the following list,discrimination,
arab-barometer,ab-w08,Q884A_2,In which of the following circumstances have you faced discrimination because of ? Please tell me all that apply from the following list,discrimination,
arab-barometer,ab-w08,Q884A_3,In which of the following circumstances have you faced discrimination because of ? Please tell me all that apply from the following list,discrimination,
arab-barometer,ab-w08,Q884A_4,In which of the following circumstances have you faced discrimination because of ? Please tell me all that apply from the following list,discrimination,
arab-barometer,ab-w08,Q884A_5,In which of the following circumstances have you faced discrimination because of ? Please tell me all that apply from the following list,discrimination,
arab-barometer,ab-w08,Q884A_6,In which of the following circumstances have you faced discrimination because of ? Please tell me all that apply from the following list,discrimination,
arab-barometer,ab-w08,Q884A_7,In which of the following circumstances have you faced discrimination because of ? Please tell me all that apply from the following list,discrimination,
arab-barometer,ab-w08,Q884A_8,In which of the following circumstances have you faced discrimination because of ? Please tell me all that apply from the following list,discrimination,
arab-barometer,ab-w08,Q884A_90,In which of the following circumstances have you faced discrimination because of ? Please tell me all that apply from the following list,discrimination,
arab-barometer,ab-w08,Q884A_98,In which of the following circumstances have you faced discrimination because of ? Please tell me all that apply from the following list,discrimination,
arab-barometer,ab-w08,Q884A_99,In which of the following circumstances have you faced discrimination because of ? Please tell me all that apply from the following list,discrimination,
arab-barometer,ab-w08,Q884B_1,"Q884B And thinking about discrimination you faced because of ${Q884_1_text}, have you…?",discrimination,
arab-barometer,ab-w08,Q884B_2,"And thinking about discrimination you faced because of , have you… ?",discrimination,
arab-barometer,ab-w08,Q884B_3,"And thinking about discrimination you faced because of , have you… ?",discrimination,
arab-barometer,ab-w08,Q884B_4,"And thinking about discrimination you faced because of , have you… ?",discrimination,
arab-barometer,ab-w08,Q884B_5,"And thinking about discrimination you faced because of , have you… ?",discrimination,
arab-barometer,ab-w08,Q884B_6,"And thinking about discrimination you faced because of , have you… ?",discrimination,
arab-barometer,ab-w08,Q884B_7,"And thinking about discrimination you faced because of , have you… ?",discrimination,
arab-barometer,ab-w08,Q884B_8,"And thinking about discrimination you faced because of , have you… ?",discrimination,
arab-barometer,ab-w08,Q884B_90,"And thinking about discrimination you faced because of , have you… ?",discrimination,
arab-barometer,ab-w08,Q884B_98,"And thinking about discrimination you faced because of , have you… ?",discrimination,
arab-barometer,ab-w08,Q884B_99,"And thinking about discrimination you faced because of , have you… ?",discrimination,
arab-barometer,ab-w08,Q885,"Q885 Do you think our national government should do more, less, or about the same amount as it is doing right now to deal with discrimination in?",discrimination,
arab-barometer,ab-w08,Q886,"Q886 When citizens from [your country] travel outside the Middle East and North Africa, on what basis, if any, do you think they are likely to face discrimination?",discrimination,
arab-barometer,ab-w08,Q905,Q905. To what extent do you think migrants from Sub Saharan Africa are discriminated against in?,discrimination,
arab-barometer,ab-w08,Q906,Q906. To what extent do you think migrants from South Asia and Southeast Asia are discriminated against in your country?,discrimination,
arab-barometer,ab-w08,Q907,Q907. To what extent do you think migrants from other Arab countries are discriminated against in?,discrimination,
arab-opinion-index,aoi-2012-2013,Q822_8,"Q822_8. In general, do you believe that the Arab revolutions have succeeded in achieving: Ending discrimination between citizens",discrimination,
arab-opinion-index,aoi-2014,Q908_1_4,Q908_1_4.to what extent do you think that Racial discrimination is prevalent/spread in (Russia)?,discrimination,
arab-opinion-index,aoi-2014,Q908_2_4,Q908_2_4.to what extent do you think that Racial discrimination is prevalent/spread in (USA)?,discrimination,Q1195
arab-opinion-index,aoi-2014,Q908_3_4,Q908_3_4.to what extent do you think that Racial discrimination is prevalent/spread in (Home country)?,discrimination,Q1202
arab-opinion-index,aoi-2024-2025,LEB_2025_27,Do you believe there is discrimination against the Shia due to the war?,discrimination,
arab-opinion-index,aoi-2024-2025,Q908_2_4,Q908_2_4.to what extent do you think that Racial discrimination is prevalent/spread in (USA)?,discrimination,Q1195
arab-opinion-index,aoi-2024-2025,Q908_3_4,Q908_3_4.to what extent do you think that Racial discrimination is prevalent/spread in (Home country)?,discrimination,Q1202
arab-opinion-index,aoi-2024-2025,SY_2025_5_5,How would you rate the Syrian government’s performance in Ending discrimination between citizens these days?,discrimination,
arab-opinion-index,aoi-2024-2025,SY_2025_79_2,How prevalent do you believe that Sect- or religion-based discrimination is in Syria today?,discrimination,
arab-opinion-index,aoi-2024-2025,SY_2025_79_3,How prevalent do you believe that Regional discrimination is in Syria today?,discrimination,
arab-opinion-index,aoi-2024-2025,SY_2025_79_4,How prevalent do you believe that Rural/urban discrimination is in Syria today?,discrimination,
arab-opinion-index,aoi-2024-2025,q908_4_4,Q908_4_4.to what extent do you think that Racial discrimination is prevalent/spread in (French )?,discrimination,
arab-opinion-index,aoi-2024-2025,q908_5_4,Q908_5_4.to what extent do you think that Racial discrimination is prevalent/spread in (Spanish )?,discrimination,
afrobarometer,afro-w05,Q56C,Q56c. How often women treated unequally by traditional leaders,discrimination;gender,
afrobarometer,afro-w05,Q56D,Q56d. How often women treated unequally by police and courts,discrimination;gender,
afrobarometer,afro-w05,Q56E,Q56e. How often women treated unequally by employers,discrimination;gender,
afrobarometer,afro-w07,Q86A,Q86a. Experienced discrimination based on gender,discrimination;gender,
afrobarometer,afro-w10,Q52B,"Q52b. Girl students face discrimination, harassment",discrimination;gender,
arab-barometer,ab-w07,Q870A_2,"Q870A_2. In your opinion, which group of people faces difficulty working their way out of the lower class because they are discriminated against in your country?",discrimination;opportunity,
arab-barometer,ab-w07,Q870A_KUW_2,"Q870A_KUW_2. In your opinion, which group of people faces difficulty working their way out of the lower class because they are discriminated against in your country?",discrimination;opportunity,
arab-barometer,ab-w07,Q870B_2,"Q870B_2. In your opinion, which group of people faces difficulty accessing public healthcare services because they are discriminated against in your country?",discrimination;opportunity,
arab-barometer,ab-w07,Q870B_KUW_2,"Q870B_KUW_2. In your opinion, which group of people faces difficulty accessing public healthcare services because they are discriminated against in your country?",discrimination;opportunity,
afrobarometer,afro-w05,Q4,Q4. Your living conditions vs. others,economic-gap,Q0507
afrobarometer,afro-w05,Q65B,Q65b. Handling improving living standards of the poor,economic-gap,Q0225
afrobarometer,afro-w05,Q65E,Q65e. Handling narrowing income gaps,economic-gap,Q0262
afrobarometer,afro-w06,Q5,Q5. Your living conditions vs. others,economic-gap,Q0507
afrobarometer,afro-w06,Q66B,Q66b. Handling improving living standards of the poor,economic-gap,Q0225
afrobarometer,afro-w06,Q66E,Q66e. Handling narrowing income gaps,economic-gap,Q0262
afrobarometer,afro-w06,Q83_TUN_E,Q83_TUN_e. The income gap between the rich and the poor,economic-gap,
afrobarometer,afro-w06,Q83_TUN_F,Q83_TUN_f. Regional inequality,economic-gap,
afrobarometer,afro-w07,Q5,Q5. Your living conditions vs. others,economic-gap,Q0507
afrobarometer,afro-w07,Q56B,Q56b. Handling improving living standards of the poor,economic-gap,Q0225
afrobarometer,afro-w07,Q56E,Q56e. Handling narrowing income gaps,economic-gap,Q0262
afrobarometer,afro-w08,Q47B,Q47b. Fair for rich to pay higher taxes,economic-gap,
afrobarometer,afro-w08,Q50B,Q50b. Handling improving living standards of the poor,economic-gap,Q0225
afrobarometer,afro-w08,Q50E,Q50e. Handling narrowing income gaps,economic-gap,Q0262
afrobarometer,afro-w10,Q42B,Q42b. Government should ensure healthcare for all even if more taxes,economic-gap,
afrobarometer,afro-w10,Q47B,Q47b. Handling improving living standards of the poor,economic-gap,Q0225
afrobarometer,afro-w10,Q47E,Q47e. Handling narrowing income gaps,economic-gap,Q0262
arab-barometer,ab-w02,q2043,q2043 I am going to ask a number of questions related to the current government’s performance. How would you evaluate the performance of the current government’s 3. Narrowing the gap between rich and poor?,economic-gap,Q0808
arab-barometer,ab-w03,q2043,q204.3 I am going to ask a number of questions related to the current government’s performance. How would you evaluate the current government's performance on narrowing the gap between rich and poor?,economic-gap,Q0808
arab-barometer,ab-w05,Q204_3,EVALUATION: GOVERNMENT PERFORMANCE: NARROWING GAP BETWEEN RICH AND POOR,economic-gap,
arab-barometer,ab-w06p2,Q204_3,Q204_3.Narrowing the gap between rich and poor,economic-gap,Q0536
arab-barometer,ab-w07,Q113,Q113. To what extent do you believe that the gap between the rich and the poor is a problem in your country?,economic-gap,
arab-barometer,ab-w07,Q114,"Q114. Do you think the gap between the rich and the poor a year ago was wider, the same, or narrower than it is now?",economic-gap,Q0860
arab-barometer,ab-w07,Q204_3,Q204_3. Narrowing the gap between rich and poor,economic-gap,Q0536
arab-barometer,ab-w08,Q114,"Q114. Do you think the gap between the rich and the poor a year ago was wider, the same, or narrower than it is now?",economic-gap,Q0860
arab-barometer,ab-w08,Q204_3,Q204_3 Narrowing the gap between rich and poor,economic-gap,Q0536
arab-barometer,ab-w08,Q873_1,Socioeconomic class,economic-gap,
arab-opinion-index,aoi-2012-2013,Q210_5,Q210_5.How would you evaluate the government’s performance in Improving the standard of living for the poor,economic-gap,Q0065
arab-opinion-index,aoi-2012-2013,Q822_5,"Q822_5. In general, do you believe that the Arab revolutions have succeeded in achieving: Bridging the gap between rich and poor",economic-gap,
arab-opinion-index,aoi-2014,Q210_5,Q210_5.How would you evaluate the government’s performance in Improving the standard of living for the poor,economic-gap,Q0065
arab-opinion-index,aoi-2015,Q210_5,Q210_5.How would you evaluate the government’s performance in Improving the standard of living for the poor,economic-gap,Q0065
arab-opinion-index,aoi-2016,Q210_5,Q210_5.How would you evaluate the government’s performance in Improving the standard of living for the poor,economic-gap,Q0065
arab-opinion-index,aoi-2017-2018,Q210_5,Q210_5.How would you evaluate the government’s performance in Improving the standard of living for the poor,economic-gap,Q0065
arab-opinion-index,aoi-2019-2020,Q210_5,Q210_5.How would you evaluate the government’s performance in Improving the standard of living for the poor,economic-gap,Q0065
arab-opinion-index,aoi-2019-2020,q2020_51_5,To what extent do you think that the current government will succeed in Fairly distributing money and services among the different regions (regional justice),economic-gap,
arab-opinion-index,aoi-2022,Q210_5,Q210_5.How would you evaluate the government’s performance in Improving the standard of living for the poor,economic-gap,Q0065
arab-opinion-index,aoi-2024-2025,Q210_5,Q210_5.How would you evaluate the government’s performance in Improving the standard of living for the poor,economic-gap,Q0065
world-values-survey,wvs-w06,V238,Social class (subjective),economic-gap,Q1419
world-values-survey,wvs-w07,Q287,Social class (subjective),economic-gap,Q1419
world-values-survey,wvs-w07,Q56,Standard of living comparing with your parents,economic-gap,
afrobarometer,afro-w05,Q44,"Q44. Essential characteristics of democracy: equality, fair election, etc",equality-principle,
arab-barometer,ab-w06p2,Q512A3_5,Q512A3_5.All people have the same rights regardless of religion or ethnicity,equality-principle,
arab-barometer,ab-w08,Q550A_1,Q550A_1 Equality under the law,equality-principle,
arab-barometer,ab-w08,Q550B_1,Q550B_1 Equality under the law,equality-principle,
arab-opinion-index,aoi-2012-2013,Q421_1,Q421_1.Do you think the availability of Equality of all citizens regardless of wealth in your country is important?,equality-principle,Q1108
arab-opinion-index,aoi-2012-2013,Q421_10,Q421_10.Do you think the availability of Equality of all citizens in (the West Bank/Gaza Strip) regardless of their status as Palestinian refugees or otherwise in your country is important?,equality-principle,
arab-opinion-index,aoi-2012-2013,Q421_11,Q421_11.Do you think the availability of Equality of all citizens regardless of being Northerners or Southerners in your country is important?,equality-principle,
arab-opinion-index,aoi-2012-2013,Q421_12,Q421_12.Do you think the availability of Equality of all citizens regardless of level/class of citizenship in your country is important?,equality-principle,
arab-opinion-index,aoi-2012-2013,Q421_13,"Q421_13.Do you think the availability of Equality for all citizens, regardless of social (ethnic) background in your country is important?",equality-principle,
arab-opinion-index,aoi-2012-2013,Q421_14,"Q421_14.Do you think the availability of Equality for all citizens, regardless of skin colour in your country is important?",equality-principle,
arab-opinion-index,aoi-2012-2013,Q421_16,"Q421_16.Do you think the availability of Equality for all citizens, regardless of national origin in your country is important?",equality-principle,
arab-opinion-index,aoi-2012-2013,Q421_2,Q421_2.Do you think the availability of Equality of all citizens regardless of gender/sex in your country is important?,equality-principle,Q1109
arab-opinion-index,aoi-2012-2013,Q421_3,Q421_3.Do you think the availability of Equality of all citizens regardless of religion in your country is important?,equality-principle,Q1110
arab-opinion-index,aoi-2012-2013,Q421_4,Q421_4.Do you think the availability of Equality of all citizens regardless of social status in your country is important?,equality-principle,Q1111
arab-opinion-index,aoi-2012-2013,Q421_5,Q421_5.Do you think the availability of Equality of all citizens regardless of cultural/ethnic/linguistic backgrounds in your country is important?,equality-principle,Q1112
arab-opinion-index,aoi-2012-2013,Q421_6,Q421_6.Do you think the availability of Equality of all citizens regardless of their political influence in your country is important?,equality-principle,Q1113
arab-opinion-index,aoi-2012-2013,Q421_7,Q421_7.Do you think the availability of Equality of all citizens regardless of their geographic area in your country is important?,equality-principle,Q1114
arab-opinion-index,aoi-2012-2013,Q421_8,Q421_8.Do you think the availability of Equality of citizens regardless of their religious sects (mathhab) in your country is important?,equality-principle,Q1115
arab-opinion-index,aoi-2012-2013,Q421_9,Q421_9.Do you think the availability of Equality of all citizens regardless of their tribe? in your country is important?,equality-principle,Q1116
arab-opinion-index,aoi-2012-2013,Q422_1,Q422_1.to what extent do you believe that the Equality of all citizens regardless of wealth Is applied in your country?,equality-principle,Q0090
arab-opinion-index,aoi-2012-2013,Q422_10,Q422_10.to what extent do you believe that the Equality of all citizens in (the West Bank/Gaza Strip) regardless of their status as Palestinian refugees or otherwise Is applied in your country?,equality-principle,Q0587
arab-opinion-index,aoi-2012-2013,Q422_11,Q422_11.to what extent do you believe that the Equality of all citizens regardless of being Northerners or Southerners Is applied in your country?,equality-principle,Q1117
arab-opinion-index,aoi-2012-2013,Q422_12,Q422_12.to what extent do you believe that the Equality of all citizens regardless of level/class of citizenship Is applied in your country?,equality-principle,Q0432
arab-opinion-index,aoi-2012-2013,Q422_13,"Q422_13.to what extent do you believe that the Equality for all citizens, regardless of social (ethnic) background Is applied in your country?",equality-principle,Q0588
arab-opinion-index,aoi-2012-2013,Q422_14,"Q422_14.to what extent do you believe that the Equality for all citizens, regardless of skin colour Is applied in your country?",equality-principle,Q0589
arab-opinion-index,aoi-2012-2013,Q422_16,"Q422_16.to what extent do you believe that the Equality for all citizens, regardless of national origin Is applied in your country?",equality-principle,
arab-opinion-index,aoi-2012-2013,Q422_2,Q422_2.to what extent do you believe that the Equality of all citizens regardless of gender/sex Is applied in your country?,equality-principle,Q0091
arab-opinion-index,aoi-2012-2013,Q422_3,Q422_3.to what extent do you believe that the Equality of all citizens regardless of religion Is applied in your country?,equality-principle,Q0092
arab-opinion-index,aoi-2012-2013,Q422_4,Q422_4.to what extent do you believe that the Equality of all citizens regardless of social status Is applied in your country?,equality-principle,Q0093
arab-opinion-index,aoi-2012-2013,Q422_5,Q422_5.to what extent do you believe that the Equality of all citizens regardless of cultural/ethnic/linguistic backgrounds Is applied in your country?,equality-principle,Q0094
arab-opinion-index,aoi-2012-2013,Q422_6,Q422_6.to what extent do you believe that the Equality of all citizens regardless of their political influence Is applied in your country?,equality-principle,Q0121
arab-opinion-index,aoi-2012-2013,Q422_7,Q422_7.to what extent do you believe that the Equality of all citizens regardless of their geographic area Is applied in your country?,equality-principle,Q0122
arab-opinion-index,aoi-2012-2013,Q422_8,Q422_8.to what extent do you believe that the Equality of citizens regardless of their religious sects (mathhab) Is applied in your country?,equality-principle,Q0123
arab-opinion-index,aoi-2012-2013,Q422_9,Q422_9.to what extent do you believe that the Equality of all citizens regardless of their tribe? Is applied in your country?,equality-principle,Q0124
arab-opinion-index,aoi-2014,Q422_1,Q422_1.to what extent do you believe that the Equality of all citizens regardless of wealth Is applied in your country?,equality-principle,Q0090
arab-opinion-index,aoi-2014,Q422_10,Q422_10.to what extent do you believe that the Equality of all citizens in (the West Bank/Gaza Strip) regardless of their status as Palestinian refugees or otherwise Is applied in your country?,equality-principle,Q0587
arab-opinion-index,aoi-2014,Q422_11,Q422_11.to what extent do you believe that the Equality of all citizens regardless of being Northerners or Southerners Is applied in your country?,equality-principle,Q1117
arab-opinion-index,aoi-2014,Q422_12,Q422_12.to what extent do you believe that the Equality of all citizens regardless of level/class of citizenship Is applied in your country?,equality-principle,Q0432
arab-opinion-index,aoi-2014,Q422_2,Q422_2.to what extent do you believe that the Equality of all citizens regardless of gender/sex Is applied in your country?,equality-principle,Q0091
arab-opinion-index,aoi-2014,Q422_3,Q422_3.to what extent do you believe that the Equality of all citizens regardless of religion Is applied in your country?,equality-principle,Q0092
arab-opinion-index,aoi-2014,Q422_4,Q422_4.to what extent do you believe that the Equality of all citizens regardless of social status Is applied in your country?,equality-principle,Q0093
arab-opinion-index,aoi-2014,Q422_5,Q422_5.to what extent do you believe that the Equality of all citizens regardless of cultural/ethnic/linguistic backgrounds Is applied in your country?,equality-principle,Q0094
arab-opinion-index,aoi-2014,Q422_6,Q422_6.to what extent do you believe that the Equality of all citizens regardless of their political influence Is applied in your country?,equality-principle,Q0121
arab-opinion-index,aoi-2014,Q422_7,Q422_7.to what extent do you believe that the Equality of all citizens regardless of their geographic area Is applied in your country?,equality-principle,Q0122
arab-opinion-index,aoi-2014,Q422_8,Q422_8.to what extent do you believe that the Equality of citizens regardless of their religious sects (mathhab) Is applied in your country?,equality-principle,Q0123
arab-opinion-index,aoi-2014,Q422_9,Q422_9.to what extent do you believe that the Equality of all citizens regardless of their tribe? Is applied in your country?,equality-principle,Q0124
arab-opinion-index,aoi-2015,Q422_1,Q422_1.to what extent do you believe that the Equality of all citizens regardless of wealth Is applied in your country?,equality-principle,Q0090
arab-opinion-index,aoi-2015,Q422_10,Q422_10.to what extent do you believe that the Equality of all citizens in (the West Bank/Gaza Strip) regardless of their status as Palestinian refugees or otherwise Is applied in your country?,equality-principle,Q0587
arab-opinion-index,aoi-2015,Q422_2,Q422_2.to what extent do you believe that the Equality of all citizens regardless of gender/sex Is applied in your country?,equality-principle,Q0091
arab-opinion-index,aoi-2015,Q422_3,Q422_3.to what extent do you believe that the Equality of all citizens regardless of religion Is applied in your country?,equality-principle,Q0092
arab-opinion-index,aoi-2015,Q422_4,Q422_4.to what extent do you believe that the Equality of all citizens regardless of social status Is applied in your country?,equality-principle,Q0093
arab-opinion-index,aoi-2015,Q422_5,Q422_5.to what extent do you believe that the Equality of all citizens regardless of cultural/ethnic/linguistic backgrounds Is applied in your country?,equality-principle,Q0094
arab-opinion-index,aoi-2015,Q422_6,Q422_6.to what extent do you believe that the Equality of all citizens regardless of their political influence Is applied in your country?,equality-principle,Q0121
arab-opinion-index,aoi-2015,Q422_7,Q422_7.to what extent do you believe that the Equality of all citizens regardless of their geographic area Is applied in your country?,equality-principle,Q0122
arab-opinion-index,aoi-2015,Q422_8,Q422_8.to what extent do you believe that the Equality of citizens regardless of their religious sects (mathhab) Is applied in your country?,equality-principle,Q0123
arab-opinion-index,aoi-2015,Q422_9,Q422_9.to what extent do you believe that the Equality of all citizens regardless of their tribe? Is applied in your country?,equality-principle,Q0124
arab-opinion-index,aoi-2016,Q422_1,Q422_1.to what extent do you believe that the Equality of all citizens regardless of wealth Is applied in your country?,equality-principle,Q0090
arab-opinion-index,aoi-2016,Q422_12,Q422_12.to what extent do you believe that the Equality of all citizens regardless of level/class of citizenship Is applied in your country?,equality-principle,Q0432
arab-opinion-index,aoi-2016,Q422_13,"Q422_13.to what extent do you believe that the Equality for all citizens, regardless of social (ethnic) background Is applied in your country?",equality-principle,Q0588
arab-opinion-index,aoi-2016,Q422_14,"Q422_14.to what extent do you believe that the Equality for all citizens, regardless of skin colour Is applied in your country?",equality-principle,Q0589
arab-opinion-index,aoi-2016,Q422_2,Q422_2.to what extent do you believe that the Equality of all citizens regardless of gender/sex Is applied in your country?,equality-principle,Q0091
arab-opinion-index,aoi-2016,Q422_3,Q422_3.to what extent do you believe that the Equality of all citizens regardless of religion Is applied in your country?,equality-principle,Q0092
arab-opinion-index,aoi-2016,Q422_4,Q422_4.to what extent do you believe that the Equality of all citizens regardless of social status Is applied in your country?,equality-principle,Q0093
arab-opinion-index,aoi-2016,Q422_5,Q422_5.to what extent do you believe that the Equality of all citizens regardless of cultural/ethnic/linguistic backgrounds Is applied in your country?,equality-principle,Q0094
arab-opinion-index,aoi-2016,Q422_6,Q422_6.to what extent do you believe that the Equality of all citizens regardless of their political influence Is applied in your country?,equality-principle,Q0121
arab-opinion-index,aoi-2016,Q422_7,Q422_7.to what extent do you believe that the Equality of all citizens regardless of their geographic area Is applied in your country?,equality-principle,Q0122
arab-opinion-index,aoi-2016,Q422_8,Q422_8.to what extent do you believe that the Equality of citizens regardless of their religious sects (mathhab) Is applied in your country?,equality-principle,Q0123
arab-opinion-index,aoi-2016,Q422_9,Q422_9.to what extent do you believe that the Equality of all citizens regardless of their tribe? Is applied in your country?,equality-principle,Q0124
arab-opinion-index,aoi-2017-2018,Q422_1,Q422_1.to what extent do you believe that the Equality of all citizens regardless of wealth Is applied in your country?,equality-principle,Q0090
arab-opinion-index,aoi-2017-2018,Q422_12,Q422_12.to what extent do you believe that the Equality of all citizens regardless of level/class of citizenship Is applied in your country?,equality-principle,Q0432
arab-opinion-index,aoi-2017-2018,Q422_13,"Q422_13.to what extent do you believe that the Equality for all citizens, regardless of social (ethnic) background Is applied in your country?",equality-principle,Q0588
arab-opinion-index,aoi-2017-2018,Q422_14,"Q422_14.to what extent do you believe that the Equality for all citizens, regardless of skin colour Is applied in your country?",equality-principle,Q0589
arab-opinion-index,aoi-2017-2018,Q422_2,Q422_2.to what extent do you believe that the Equality of all citizens regardless of gender/sex Is applied in your country?,equality-principle,Q0091
arab-opinion-index,aoi-2017-2018,Q422_3,Q422_3.to what extent do you believe that the Equality of all citizens regardless of religion Is applied in your country?,equality-principle,Q0092
arab-opinion-index,aoi-2017-2018,Q422_4,Q422_4.to what extent do you believe that the Equality of all citizens regardless of social status Is applied in your country?,equality-principle,Q0093
arab-opinion-index,aoi-2017-2018,Q422_5,Q422_5.to what extent do you believe that the Equality of all citizens regardless of cultural/ethnic/linguistic backgrounds Is applied in your country?,equality-principle,Q0094
arab-opinion-index,aoi-2017-2018,Q422_6,Q422_6.to what extent do you believe that the Equality of all citizens regardless of their political influence Is applied in your country?,equality-principle,Q0121
arab-opinion-index,aoi-2017-2018,Q422_7,Q422_7.to what extent do you believe that the Equality of all citizens regardless of their geographic area Is applied in your country?,equality-principle,Q0122
arab-opinion-index,aoi-2017-2018,Q422_8,Q422_8.to what extent do you believe that the Equality of citizens regardless of their religious sects (mathhab) Is applied in your country?,equality-principle,Q0123
arab-opinion-index,aoi-2017-2018,Q422_9,Q422_9.to what extent do you believe that the Equality of all citizens regardless of their tribe? Is applied in your country?,equality-principle,Q0124
arab-opinion-index,aoi-2019-2020,Q422_1,Q422_1.to what extent do you believe that the Equality of all citizens regardless of wealth Is applied in your country?,equality-principle,Q0090
arab-opinion-index,aoi-2019-2020,Q422_2,Q422_2.to what extent do you believe that the Equality of all citizens regardless of gender/sex Is applied in your country?,equality-principle,Q0091
arab-opinion-index,aoi-2019-2020,Q422_3,Q422_3.to what extent do you believe that the Equality of all citizens regardless of religion Is applied in your country?,equality-principle,Q0092
arab-opinion-index,aoi-2019-2020,Q422_4,Q422_4.to what extent do you believe that the Equality of all citizens regardless of social status Is applied in your country?,equality-principle,Q0093
arab-opinion-index,aoi-2019-2020,Q422_5,Q422_5.to what extent do you believe that the Equality of all citizens regardless of cultural/ethnic/linguistic backgrounds Is applied in your country?,equality-principle,Q0094
arab-opinion-index,aoi-2022,Q422_1,Q422_1.to what extent do you believe that the Equality of all citizens regardless of wealth Is applied in your country?,equality-principle,Q0090
arab-opinion-index,aoi-2022,Q422_2,Q422_2.to what extent do you believe that the Equality of all citizens regardless of gender/sex Is applied in your country?,equality-principle,Q0091
arab-opinion-index,aoi-2022,Q422_3,Q422_3.to what extent do you believe that the Equality of all citizens regardless of religion Is applied in your country?,equality-principle,Q0092
arab-opinion-index,aoi-2022,Q422_4,Q422_4.to what extent do you believe that the Equality of all citizens regardless of social status Is applied in your country?,equality-principle,Q0093
arab-opinion-index,aoi-2022,Q422_5,Q422_5.to what extent do you believe that the Equality of all citizens regardless of cultural/ethnic/linguistic backgrounds Is applied in your country?,equality-principle,Q0094
arab-opinion-index,aoi-2022,Q422_6,Q422_6.to what extent do you believe that the Equality of all citizens regardless of their political influence Is applied in your country?,equality-principle,Q0121
arab-opinion-index,aoi-2022,Q422_7,Q422_7.to what extent do you believe that the Equality of all citizens regardless of their geographic area Is applied in your country?,equality-principle,Q0122
arab-opinion-index,aoi-2022,Q422_8,Q422_8.to what extent do you believe that the Equality of citizens regardless of their religious sects (mathhab) Is applied in your country?,equality-principle,Q0123
arab-opinion-index,aoi-2022,Q422_9,Q422_9.to what extent do you believe that the Equality of all citizens regardless of their tribe? Is applied in your country?,equality-principle,Q0124
arab-opinion-index,aoi-2024-2025,Q421_1,Q421_1.Do you think the availability of Equality of all citizens regardless of wealth in your country is important?,equality-principle,Q1108
arab-opinion-index,aoi-2024-2025,Q421_17,"Q421_17.Do you think the availability of Equality for all citizens The principle of equal rights between citizens in (Syria) who live in the countryside and those who live in the cities,",equality-principle,
arab-opinion-index,aoi-2024-2025,Q421_2,Q421_2.Do you think the availability of Equality of all citizens regardless of gender/sex in your country is important?,equality-principle,Q1109
arab-opinion-index,aoi-2024-2025,Q421_3,Q421_3.Do you think the availability of Equality of all citizens regardless of religion in your country is important?,equality-principle,Q1110
arab-opinion-index,aoi-2024-2025,Q421_4,Q421_4.Do you think the availability of Equality of all citizens regardless of social status in your country is important?,equality-principle,Q1111
arab-opinion-index,aoi-2024-2025,Q421_5,Q421_5.Do you think the availability of Equality of all citizens regardless of cultural/ethnic/linguistic backgrounds in your country is important?,equality-principle,Q1112
arab-opinion-index,aoi-2024-2025,Q421_6,Q421_6.Do you think the availability of Equality of all citizens regardless of their political influence in your country is important?,equality-principle,Q1113
arab-opinion-index,aoi-2024-2025,Q421_7,Q421_7.Do you think the availability of Equality of all citizens regardless of their geographic area in your country is important?,equality-principle,Q1114
arab-opinion-index,aoi-2024-2025,Q421_8,Q421_8.Do you think the availability of Equality of citizens regardless of their religious sects (mathhab) in your country is important?,equality-principle,Q1115
arab-opinion-index,aoi-2024-2025,Q421_9,Q421_9.Do you think the availability of Equality of all citizens regardless of their tribe? in your country is important?,equality-principle,Q1116
arab-opinion-index,aoi-2024-2025,Q422_1,Q422_1.to what extent do you believe that the Equality of all citizens regardless of wealth Is applied in your country?,equality-principle,Q0090
arab-opinion-index,aoi-2024-2025,Q422_17,"Q422_17.to what extent do you believe that the Equality for all citizens The principle of equal rights between citizens in (Syria) who live in the countryside and those who live in the cities,",equality-principle,
arab-opinion-index,aoi-2024-2025,Q422_2,Q422_2.to what extent do you believe that the Equality of all citizens regardless of gender/sex Is applied in your country?,equality-principle,Q0091
arab-opinion-index,aoi-2024-2025,Q422_3,Q422_3.to what extent do you believe that the Equality of all citizens regardless of religion Is applied in your country?,equality-principle,Q0092
arab-opinion-index,aoi-2024-2025,Q422_4,Q422_4.to what extent do you believe that the Equality of all citizens regardless of social status Is applied in your country?,equality-principle,Q0093
arab-opinion-index,aoi-2024-2025,Q422_5,Q422_5.to what extent do you believe that the Equality of all citizens regardless of cultural/ethnic/linguistic backgrounds Is applied in your country?,equality-principle,Q0094
arab-opinion-index,aoi-2024-2025,Q422_6,Q422_6.to what extent do you believe that the Equality of all citizens regardless of their political influence Is applied in your country?,equality-principle,Q0121
arab-opinion-index,aoi-2024-2025,Q422_7,Q422_7.to what extent do you believe that the Equality of all citizens regardless of their geographic area Is applied in your country?,equality-principle,Q0122
arab-opinion-index,aoi-2024-2025,Q422_8,Q422_8.to what extent do you believe that the Equality of citizens regardless of their religious sects (mathhab) Is applied in your country?,equality-principle,Q0123
arab-opinion-index,aoi-2024-2025,Q422_9,Q422_9.to what extent do you believe that the Equality of all citizens regardless of their tribe? Is applied in your country?,equality-principle,Q0124
afrobarometer,afro-w05,Q23,Q23. Women have equal rights vs. subject to traditional laws,gender,
afrobarometer,afro-w05,Q73A_ARB,Q73a.arb. Women and men should have equal work opportunities,gender,
afrobarometer,afro-w05,Q73C_ARB,Q73c.arb. Women’s share of inheritance should be equal to that of men,gender,
afrobarometer,afro-w05,Q73D_ARB,Q73d. arb. Women and men should have equal rights in making a decision to divorce,gender,
afrobarometer,afro-w07,Q38E,Q38e. Women have equal right to land,gender,
afrobarometer,afro-w07,Q56Q,Q56q. Handling promoting equal rights/opportunities for women,gender,
afrobarometer,afro-w07,Q77B,Q77b. Women and men have equal chance to earn income,gender,
afrobarometer,afro-w07,Q77C,Q77c. Women and men have equal chance of paying job,gender,
afrobarometer,afro-w07,Q77D,Q77d. Women and men have equal chance to own/inherit land,gender,
afrobarometer,afro-w10,Q52C,Q53c. Women face harassement in public places,gender,
arab-barometer,ab-w02,q60105,q60105 I will read a set of statements that relate to the status of women in our society to you in order to gauge the extent of your agreement/disagreement with each statement. 5. Men and women should have equal work opportunities,gender,
arab-barometer,ab-w02,q60109,q60109 I will read a set of statements that relate to the status of women in our society to you in order to gauge the extent of your agreement/disagreement with each statement. 9. Women’s share of inheritance should be equal to that of men,gender,
arab-barometer,ab-w02,q60114,q60114 I will read a set of statements that relate to the status of women in our society to you in order to gauge the extent of your agreement/disagreement with each statement. 14. Women and men should have equal rights in making the decision to divorce,gender,
arab-barometer,ab-w05,Q601_3,WOMEN'S RIGHTS: MEN BETTER AT POLITICAL LEADERSHIP,gender,
arab-barometer,ab-w05,Q601_9,WOMEN'S RIGHTS: EQUAL SHARE OF INHERITANCE,gender,
arab-barometer,ab-w05,Q601_9A,WOMEN'S RIGHTS: EQUAL INHERITANCE,gender,
arab-barometer,ab-w08,Q601_13B,Q601_13B. Men and women should both have equal say in deciding who they marry,gender,
arab-barometer,ab-w08,Q601_5,Q601_5. Men and women should have equal work opportunities,gender,
arab-barometer,ab-w08,Q631,Q631. To what extent do you believe that having women in political leadership roles advances the women’s rights agenda in?,gender,
arab-opinion-index,aoi-2014,Q503_1,Q503_1.To what extent do you think that the principle of equal treatment for men and women (gender equality) is applied when it comes to Medical care,gender,Q1128
arab-opinion-index,aoi-2014,Q503_2,Q503_2.To what extent do you think that the principle of equal treatment for men and women (gender equality) is applied when it comes to Respect accorded by public sector employees,gender,Q1129
arab-opinion-index,aoi-2014,Q503_3,Q503_3.To what extent do you think that the principle of equal treatment for men and women (gender equality) is applied when it comes to Respect shown by other citizens,gender,Q1130
arab-opinion-index,aoi-2014,Q503_4,Q503_4.To what extent do you think that the principle of equal treatment for men and women (gender equality) is applied when it comes to Access to bank loans,gender,Q1131
arab-opinion-index,aoi-2014,Q503_5,Q503_5.To what extent do you think that the principle of equal treatment for men and women (gender equality) is applied when it comes to Gaining a place at a university,gender,Q1132
arab-opinion-index,aoi-2014,Q503_6,Q503_6.To what extent do you think that the principle of equal treatment for men and women (gender equality) is applied when it comes to Respect from clerics/religious leaders,gender,
arab-opinion-index,aoi-2014,Q503_7,Q503_7.To what extent do you think that the principle of equal treatment for men and women (gender equality) is applied when it comes to Concern shown by local community leaders,gender,
arab-opinion-index,aoi-2014,Q504_10,Q504_10.Please indicate your level of personal agreement/disagreement with each of this Men and women should have equal rights to divorce,gender,Q0444
arab-opinion-index,aoi-2014,Q504_3,"Q504_3.Please indicate your level of personal agreement/disagreement with each of this In general, men are better than women at positions of political leadership",gender,Q0448
arab-opinion-index,aoi-2014,Q504_5,Q504_5.Please indicate your level of personal agreement/disagreement with each of this Men and women must receive equal access to the same employment opportunities,gender,Q0450
arab-opinion-index,aoi-2016,Q502_1,Q502_1.do you believe that men and women are equal in your country In law,gender,
arab-opinion-index,aoi-2016,Q502_2,Q502_2.do you believe that men and women are equal in your country In obtaining employment,gender,
arab-opinion-index,aoi-2016,Q502_3,Q502_3.do you believe that men and women are equal in your country In salaries,gender,
arab-opinion-index,aoi-2016,Q502_4,Q502_4.do you believe that men and women are equal in your country In obtaining senior level public sector positions,gender,
arab-opinion-index,aoi-2016,Q502_5,Q502_5.do you believe that men and women are equal in your country In obtaining senior level private sector positions,gender,
arab-opinion-index,aoi-2016,Q502_6,Q502_6.do you believe that men and women are equal in your country In receiving schooling,gender,
arab-opinion-index,aoi-2016,Q502_7,Q502_7.do you believe that men and women are equal in your country In parliamentary represenation,gender,
arab-opinion-index,aoi-2016,Q502_8,Q502_8.do you believe that men and women are equal in your country In cabinet representation,gender,
arab-opinion-index,aoi-2016,Q503_1,Q503_1.To what extent do you think that the principle of equal treatment for men and women (gender equality) is applied when it comes to Medical care,gender,Q1128
arab-opinion-index,aoi-2016,Q503_2,Q503_2.To what extent do you think that the principle of equal treatment for men and women (gender equality) is applied when it comes to Respect accorded by public sector employees,gender,Q1129
arab-opinion-index,aoi-2016,Q503_3,Q503_3.To what extent do you think that the principle of equal treatment for men and women (gender equality) is applied when it comes to Respect shown by other citizens,gender,Q1130
arab-opinion-index,aoi-2016,Q503_4,Q503_4.To what extent do you think that the principle of equal treatment for men and women (gender equality) is applied when it comes to Access to bank loans,gender,Q1131
arab-opinion-index,aoi-2016,Q503_5,Q503_5.To what extent do you think that the principle of equal treatment for men and women (gender equality) is applied when it comes to Gaining a place at a university,gender,Q1132
arab-opinion-index,aoi-2016,Q504_10,Q504_10.Please indicate your level of personal agreement/disagreement with each of this Men and women should have equal rights to divorce,gender,Q0444
arab-opinion-index,aoi-2016,Q504_3,"Q504_3.Please indicate your level of personal agreement/disagreement with each of this In general, men are better than women at positions of political leadership",gender,Q0448
arab-opinion-index,aoi-2016,Q504_5,Q504_5.Please indicate your level of personal agreement/disagreement with each of this Men and women must receive equal access to the same employment opportunities,gender,Q0450
arab-opinion-index,aoi-2017-2018,Q504_10,Q504_10.Please indicate your level of personal agreement/disagreement with each of this Men and women should have equal rights to divorce,gender,Q0444
arab-opinion-index,aoi-2017-2018,Q504_3,"Q504_3.Please indicate your level of personal agreement/disagreement with each of this In general, men are better than women at positions of political leadership",gender,Q0448
arab-opinion-index,aoi-2017-2018,Q504_5,Q504_5.Please indicate your level of personal agreement/disagreement with each of this Men and women must receive equal access to the same employment opportunities,gender,Q0450
arab-opinion-index,aoi-2019-2020,Q504_10,Q504_10.Please indicate your level of personal agreement/disagreement with each of this Men and women should have equal rights to divorce,gender,Q0444
arab-opinion-index,aoi-2019-2020,Q504_3,"Q504_3.Please indicate your level of personal agreement/disagreement with each of this In general, men are better than women at positions of political leadership",gender,Q0448
arab-opinion-index,aoi-2019-2020,Q504_5,Q504_5.Please indicate your level of personal agreement/disagreement with each of this Men and women must receive equal access to the same employment opportunities,gender,Q0450
world-values-survey,wvs-w06,V139,Democracy: Women have the same rights as men,gender,Q1401
world-values-survey,wvs-w07,Q249,Democracy: Women have the same rights as men,gender,Q1401
afrobarometer,afro-w07,Q57G,Q57g. Better or worse: equal opportunities and treatment for women,gender;opportunity,
world-values-survey,wvs-w07,Q233,How often in country's elections: Women have equal opportunities to run the office,gender;opportunity,
afrobarometer,afro-w07,Q56S,"Q56s. Handling protecting rights, promoting opportunities for disabled",opportunity,Q0747
afrobarometer,afro-w08,Q50O,"Q50o. Handling protecting rights, promoting opportunities for disabled",opportunity,Q0747
arab-barometer,ab-w07,Q104A_2_5,Q104A. Education opportunities,opportunity,
arab-barometer,ab-w07,Q870A_MAUR_2,"Q870A_MAUR_2. In your opinion, which group of people faces difficulty working their way out of the lower class because of unequal opportunity?",opportunity,
arab-barometer,ab-w07,Q870B_MAUR_2,"Q870B_MAUR_2. In your opinion, which group of people faces difficulty accessing public healthcare services because of unequal opportunity?",opportunity,
arab-barometer,ab-w08,Q104A_2_5,Education opportunities (for self or family members),opportunity,
